Warp ID,Map ID,Anchor,Other
PLAYER_HOUSE_TOP_ENT,MAP_T20R0202,0,PLAYER_HOUSE_TOP_EXIT
PLAYER_HOUSE_TOP_EXIT,MAP_T20R0201,1,PLAYER_HOUSE_TOP_ENT
NEW_BARK_HOUSE_3_ENT,MAP_T20R0301,0,NEW_BARK_HOUSE_3_EXIT
NEW_BARK_HOUSE_4_ENT,MAP_T20R0401,0,NEW_BARK_HOUSE_4_EXIT
NEW_BARK_HOUSE_3_EXIT,MAP_T20,2,NEW_BARK_HOUSE_3_ENT
NEW_BARK_HOUSE_4_EXIT,MAP_T20,3,NEW_BARK_HOUSE_4_ENT
NEW_BARK_LAB_ENT_TOP,MAP_T20R0102,0,NEW_BARK_LAB_TOP_EXIT
NEW_BARK_LAB_TOP_EXIT,MAP_T20,4,NEW_BARK_LAB_ENT_TOP
NEW_BARK_RIVAL_HOUSE_TOP_ENT,MAP_T20R0402,0,NEW_BARK_RIVAL_HOUSE_TOP_EXIT
NEW_BARK_RIVAL_HOUSE_TOP_EXIT,MAP_T20R0401,1,NEW_BARK_RIVAL_HOUSE_TOP_ENT
CHERRYGROVE_PC_ENT,MAP_T21PC0101,0,CHERRYGROVE_PC_EXIT
CHERRYGROVE_PC_EXIT,MAP_T21,0,CHERRYGROVE_PC_ENT
CHERRYGROVE_MART_ENT,MAP_T21FS0101,0,CHERRYGROVE_MART_EXIT
CHERRYGROVE_MART_EXIT,MAP_T21,1,CHERRYGROVE_MART_ENT
CHERRYGROVE_HOUSE_3_ENT,MAP_T21R0301,0,CHERRYGROVE_HOUSE_3_EXIT
CHERRYGROVE_HOUSE_4_ENT,MAP_T21R0401,0,CHERRYGROVE_HOUSE_4_EXIT
CHERRYGROVE_HOUSE_5_ENT,MAP_T21R0501,0,CHERRYGROVE_HOUSE_5_EXIT
CHERRYGROVE_PC_BASEMENT_ENT,MAP_T21PC0102,0,CHERRYGROVE_WIFI_ROOM_EXIT
CHERRYGROVE_WIFI_ROOM_EXIT,MAP_T21PC0101,1,CHERRYGROVE_PC_BASEMENT_ENT
CHERRYGROVE_HOUSE_3_EXIT,MAP_T21,2,CHERRYGROVE_HOUSE_3_ENT
CHERRYGROVE_HOUSE_4_EXIT,MAP_T21,3,CHERRYGROVE_HOUSE_4_ENT
CHERRYGROVE_HOUSE_5_EXIT,MAP_T21,4,CHERRYGROVE_HOUSE_5_ENT
ROUTE_26_HOUSE_1_ENT,MAP_R26R0101,0,ROUTE_26_HOUSE_1_EXIT
ROUTE_26_HOUSE_2_ENT,MAP_R26R0201,0,ROUTE_26_HOUSE_2_EXIT
ROUTE_26_HOUSE_1_EXIT,MAP_R26,0,ROUTE_26_HOUSE_1_ENT
ROUTE_26_HOUSE_2_EXIT,MAP_R26,1,ROUTE_26_HOUSE_2_ENT
LEAUGE_GATE_INT_R26,MAP_R26,2,LEAUGE_GATE_R26
LEAUGE_GATE_R26,MAP_R22R0101,0,LEAUGE_GATE_INT_R26
ROUTE_27_TOHJO_W_ENT,MAP_D45R0101,0,TOHJO_EXIT_R27_W
ROUTE_27_TOHJO_E_ENT,MAP_D45R0101,1,TOHJO_EXIT_R27_E
TOHJO_EXIT_R27_W,MAP_R27,0,ROUTE_27_TOHJO_W_ENT
TOHJO_EXIT_R27_E,MAP_R27,1,ROUTE_27_TOHJO_E_ENT
TOHJO_SECRET_ROOM_ENT,MAP_D45R0102,0,TOHJO_SECRET_ROOM_EXIT
TOHJO_SECRET_ROOM_EXIT,MAP_D45R0101,2,TOHJO_SECRET_ROOM_ENT
ROUTE_27_HOUSE_1_ENT,MAP_R27R0101,0,ROUTE_27_HOUSE_1_EXIT
ROUTE_27_HOUSE_1_EXIT,MAP_R27,2,ROUTE_27_HOUSE_1_ENT
ROUTE_29_46_GATE,MAP_R29R0101,0,GATE_R29_R46_INT_R29
GATE_R29_R46_INT_R29,MAP_R29,0,ROUTE_29_46_GATE
GATE_R29_R46_INT_R46,MAP_R46,0,ROUTE_29_46_GATE_R46
ROUTE_29_46_GATE_R46,MAP_R29R0101,1,GATE_R29_R46_INT_R46
APRICOT_MAN_HOUSE_EXIT,MAP_R30,1,ROUTE_30_APRICORN_MAN_HOUSE_ENT
MR_POKEMON_HOUSE_EXIT,MAP_R30,0,ROUTE_30_MR_POKEMON_HOUSE_ENT
ROUTE_30_MR_POKEMON_HOUSE_ENT,MAP_R30R0201,0,MR_POKEMON_HOUSE_EXIT
ROUTE_30_APRICORN_MAN_HOUSE_ENT,MAP_R30R0101,0,APRICOT_MAN_HOUSE_EXIT
ROUTE_31_DARK_CAVE_ENT,MAP_D42R0102,0,DARK_CAVE_EXIT_R31
DARK_CAVE_EXIT_R31,MAP_R31,2,ROUTE_31_DARK_CAVE_ENT
DARK_CAVE_TO_LOWER_SIDE,MAP_D42R0102,1,DARK_CAVE_S_TO_N
DARK_CAVE_EXIT_R45,MAP_R45,0,ROUTE_45_DARK_CAVE_ENT
DARK_CAVE_S_TO_N,MAP_D42R0101,0,DARK_CAVE_TO_LOWER_SIDE
DARK_CAVE_EXIT_R46,MAP_R46,2,ROUTE_46_DARK_CAVE_ENT
ROUTE_45_DARK_CAVE_ENT,MAP_D42R0101,1,DARK_CAVE_EXIT_R45
ROUTE_46_DARK_CAVE_ENT,MAP_D42R0102,2,DARK_CAVE_EXIT_R46
VIOLET_GYM_EXIT,MAP_T22,2,VIOLET_GYM_ENT
VIOLET_GYM_ENT,MAP_T22GYM0101,0,VIOLET_GYM_EXIT
VIOLET_GATE_W_R36,MAP_T22R0701,1,VIOLET_GATE_W_INT_R36
VIOLET_GATE_W_CITY,MAP_T22R0701,0,VIOLET_GATE_W_INT_CITY
VIOLET_GATE_W_INT_CITY,MAP_T22,3,VIOLET_GATE_W_CITY
VIOLET_GATE_W_INT_R36,MAP_R36,4,VIOLET_GATE_W_R36
VIOLET_HOUSE_3_ENT,MAP_T22R0301,0,VIOLET_HOUSE_3_EXIT
VIOLET_HOUSE_4_ENT,MAP_T22R0401,0,VIOLET_HOUSE_4_EXIT
VIOLET_HOUSE_6_ENT,MAP_T22R0601,0,VIOLET_HOUSE_6_EXIT
VIOLET_HOUSE_3_EXIT,MAP_T22,6,VIOLET_HOUSE_3_ENT
VIOLET_HOUSE_4_EXIT,MAP_T22,8,VIOLET_HOUSE_4_ENT
VIOLET_HOUSE_6_EXIT,MAP_T22,9,VIOLET_HOUSE_6_ENT
VIOLET_MART_ENT,MAP_T22FS0101,0,VIOLET_MART_EXIT
VIOLET_MART_EXIT,MAP_T22,10,VIOLET_MART_ENT
VIOLET_PC_ENT,MAP_T22PC0101,0,VIOLET_PC_EXIT
VIOLET_PC_UPSTAIRS,MAP_T22PC0101,1,VIOLET_PC_DOWNSTAIRS
VIOLET_PC_EXIT,MAP_T22,7,VIOLET_PC_ENT
VIOLET_PC_DOWNSTAIRS,MAP_T22PC0102,0,VIOLET_PC_UPSTAIRS
VIOLET_GATE_E_CITY,MAP_R31R0101,0,VIOLET_GATE_E_INT_CITY
VIOLET_GATE_E_R31,MAP_R31R0101,1,VIOLET_GATE_E_INT_R31
VIOLET_GATE_E_INT_CITY,MAP_T22,0,VIOLET_GATE_E_CITY
VIOLET_GATE_E_INT_R31,MAP_R31,0,VIOLET_GATE_E_R31
VIOLET_SPROUT_TOWER_ENT,MAP_D15R0101,0,SPROUT_TOWER_VIOLET_EXIT
SPROUT_TOWER_VIOLET_EXIT,MAP_T22,5,VIOLET_SPROUT_TOWER_ENT
SPROUT_TOWER_1F_UP_C,MAP_D15R0102,0,SPROUT_TOWER_2F_LADDER_DOWN_C
SPROUT_TOWER_1F_UP_L,MAP_D15R0102,2,SPROUT_TOWER_2F_LADDER_DOWN_W
SPROUT_TOWER_1F_UP_R,MAP_D15R0102,1,SPROUT_TOWER_2F_LADDER_DOWN_E
SPROUT_TOWER_2F_LADDER_DOWN_C,MAP_D15R0101,1,SPROUT_TOWER_1F_UP_C
SPROUT_TOWER_2F_LADDER_DOWN_E,MAP_D15R0101,2,SPROUT_TOWER_1F_UP_R
SPROUT_TOWER_2F_LADDER_DOWN_W,MAP_D15R0101,3,SPROUT_TOWER_1F_UP_L
SPROUT_TOWER_2F_TO_3F,MAP_D15R0103,0,SPROUT_TOWER_3F_LADDER_DOWN
SPROUT_TOWER_3F_LADDER_DOWN,MAP_D15R0102,3,SPROUT_TOWER_2F_TO_3F
ECRUTEAK_GATE_W_R38,MAP_R38R0101,1,ECRUTEAK_GATE_W_INT_R38
ECRUTEAK_GATE_W_INT_CITY,MAP_T27,8,ECRUTEAK_GATE_W_CITY
ECRUTEAK_GATE_W_INT_R38,MAP_R38,0,ECRUTEAK_GATE_W_R38
ECRUTEAK_GATE_W_CITY,MAP_R38R0101,0,ECRUTEAK_GATE_W_INT_CITY
ECRUTEAK_GATE_E_CITY,MAP_R42R0101,0,ECRUTEAK_GATE_E_INT_CITY
ECRUTEAK_PC_WIFI_ROOM_EXIT,MAP_T27PC0101,2,ECRUTEAK_PC_BASEMENT_ENT
ECRUTEAK_UNION_ROOM_EXIT,MAP_T27PC0101,1,UNION_ROOM_ENT
UNION_ROOM_ENT,MAP_UNION,0,ECRUTEAK_UNION_ROOM_EXIT
ECRUTEAK_GATE_E_INT_CITY,MAP_T27,10,ECRUTEAK_GATE_E_CITY
ECRUTEAK_GATE_E_INT_R42,MAP_R42,0,ECRUTEAK_GATE_E_R42
ECRUTEAK_GATE_E_R42,MAP_R42R0101,1,ECRUTEAK_GATE_E_INT_R42
ECURTEAK_HOUSE_4_ENT,MAP_T27R0401,0,ECRUTEAK_HOUSE_4_EXIT
ECRUTEAK_HOSUE_8_ENT,MAP_T27R0801,0,ECRUTEAK_HOUSE_8_EXIT
ECRUTEAK_THEATER_EXIT,MAP_T27,4,ECRUTEAK_THEATER_ENT
ECRUTEAK_THEATER_ENT,MAP_T27R0501,0,ECRUTEAK_THEATER_EXIT
ECRUTEAK_PC_ENT,MAP_T27PC0101,0,ECRUTEAK_PC_EXIT
ECRUTEAK_MART_ENT,MAP_T27FS0101,0,ECRUTEAK_MART_EXIT
ECRUTEAK_GYM_ENT,MAP_T27GYM0101,0,ECRUTEAK_GYM_EXIT
ECRUTEAK_MART_EXIT,MAP_T27,6,ECRUTEAK_MART_ENT
ECRUTEAK_GYM_EXIT,MAP_T27,7,ECRUTEAK_GYM_ENT
ECRUTEAK_PC_EXIT,MAP_T27,5,ECRUTEAK_PC_ENT
ECRUTEAK_PC_BASEMENT_ENT,MAP_T27PC0105,0,ECRUTEAK_PC_WIFI_ROOM_EXIT
ECRUTEAK_HOUSE_8_EXIT,MAP_T27,3,ECRUTEAK_HOSUE_8_ENT
ECRUTEAK_HOUSE_4_EXIT,MAP_T27,1,ECURTEAK_HOUSE_4_ENT
BURNT_TOWER_EXIT,MAP_T27,0,ECRUTEAK_BURNT_TOWER_ENT
BURNT_TOWER_LADDER,MAP_D18R0102,0,BURNT_TOWER_BOTTOM_LADDER
ECRUTEAK_BURNT_TOWER_ENT,MAP_D18R0101,0,BURNT_TOWER_EXIT
BURNT_TOWER_BOTTOM_LADDER,MAP_D18R0101,1,BURNT_TOWER_LADDER
ECRUTEAK_BELLCHIME_GATE_EXIT,MAP_T27,2,ECRUTEAK_BELLCHIME_GATE_ENT
ECRUTEAK_BELLCHIME_GATE_TUNNEL_ENT,MAP_T27R0202,0,BELLCHIME_GATE_TUNNEL_TO_ENTRANCE
ECRUTEAK_BELLCHIME_GATE_ENT,MAP_T27R0201,0,ECRUTEAK_BELLCHIME_GATE_EXIT
BELLCHIME_GATE_TUNNEL_TO_ENTRANCE,MAP_T27R0201,1,ECRUTEAK_BELLCHIME_GATE_TUNNEL_ENT
BELLCHIME_GATE_TUNNEL_EXIT,MAP_D17R1101,0,BELLCHIME_GATE_PATH
BELLCHIME_GATE_PATH,MAP_T27R0202,1,BELLCHIME_GATE_TUNNEL_EXIT
BELLCHIME_TOWER_ENTRANCE,MAP_D17R0101,0,BELL_TOWER_BELLCHIME_PATH_EXIT
BELL_TOWER_BELLCHIME_PATH_EXIT,MAP_D17R1101,2,BELLCHIME_TOWER_ENTRANCE
BELL_TOWER_1F_TO_2F,MAP_D17R0102,0,BELL_TOWER_F2_LADDER_DOWN
BELL_TOWER_F2_LADDER_DOWN,MAP_D17R0101,1,BELL_TOWER_1F_TO_2F
BELL_TOWER_F2_LADDER_UP,MAP_D17R0103,0,BELL_TOWER_F3_LADDER_DOWN
BELL_TOWER_F3_LADDER_DOWN,MAP_D17R0102,1,BELL_TOWER_F2_LADDER_UP
BELL_TOWER_F3_LADDER_UP,MAP_D17R0104,0,BELL_TOWER_F4_LADDER_DOWN
BELL_TOWER_F4_LADDER_DOWN,MAP_D17R0103,1,BELL_TOWER_F3_LADDER_UP
BELL_TOWER_F4_LADDER_UP_NW,MAP_D17R0105,0,BELL_TOWER_F5_LADDER_DOWN_NW
BELL_TOWER_F4_LADDER_UP_SW,MAP_D17R0105,1,BELL_TOWER_F5_LADDER_DOWN_SW
BELL_TOWER_F4_LADDER_UP_SE,MAP_D17R0105,2,BELL_TOWER_F5_LADDER_DOWN_SE
BELL_TOWER_F5_LADDER_DOWN_NW,MAP_D17R0104,1,BELL_TOWER_F4_LADDER_UP_NW
BELL_TOWER_F5_LADDER_DOWN_SW,MAP_D17R0104,3,BELL_TOWER_F4_LADDER_UP_SW
BELL_TOWER_F5_LADDER_DOWN_SE,MAP_D17R0104,5,BELL_TOWER_F4_LADDER_UP_SE
BELL_TOWER_F5_LADDER_UP,MAP_D17R0106,0,BELL_TOWER_F6_LADDER_DOWN
BELL_TOWER_F6_LADDER_DOWN,MAP_D17R0105,3,BELL_TOWER_F5_LADDER_UP
BELL_TOWER_F6_LADDER_UP,MAP_D17R0107,0,BELL_TOWER_F7_LADDER_DOWN
BELL_TOWER_F7_LADDER_DOWN,MAP_D17R0106,1,BELL_TOWER_F6_LADDER_UP
BELL_TOWER_F7_WARP_S,MAP_D17R0108,0,BELL_TOWER_F8_WARP_NW
BELL_TOWER_F7_WARP_CL,MAP_D17R0109,3,BELL_TOWER_F9_WARP_E
BELL_TOWER_F7_WARP_CR,MAP_D17R0107,4,BELL_TOWER_F7_WARP_N
BELL_TOWER_F7_WARP_N,MAP_D17R0107,3,BELL_TOWER_F7_WARP_CR
BELL_TOWER_F8_WARP_NW,MAP_D17R0107,1,BELL_TOWER_F7_WARP_S
BELL_TOWER_F8_WARP_W,MAP_D17R0109,1,BELL_TOWER_F9_WARP_N
BELL_TOWER_F8_WARP_N,MAP_D17R0109,2,BELL_TOWER_F9_WARP_C
BELL_TOWER_F8_WARP_C,MAP_D17R0109,5,BELL_TOWER_F9_WARP_S
BELL_TOWER_F8_WARP_E,MAP_D17R0109,0,BELL_TOWER_F9_WARP_NW
BELL_TOWER_F8_WARP_SE,MAP_D17R0109,4,BELL_TOWER_F9_WARP_SW
BELL_TOWER_F9_WARP_NW,MAP_D17R0108,4,BELL_TOWER_F8_WARP_E
BELL_TOWER_F9_WARP_SW,MAP_D17R0108,5,BELL_TOWER_F8_WARP_SE
BELL_TOWER_F9_WARP_C,MAP_D17R0108,2,BELL_TOWER_F8_WARP_N
BELL_TOWER_F9_WARP_E,MAP_D17R0107,2,BELL_TOWER_F7_WARP_CL
BELL_TOWER_F9_WARP_N,MAP_D17R0108,1,BELL_TOWER_F8_WARP_W
BELL_TOWER_F9_WARP_S,MAP_D17R0108,3,BELL_TOWER_F8_WARP_C
BELL_TOWER_F9_LADDER,MAP_D17R0112,0,BELL_TOWER_F10_LADDER_DOWN
BELL_TOWER_F10_LADDER_DOWN,MAP_D17R0109,6,BELL_TOWER_F9_LADDER
BELL_TOWER_F10_LADDER_UP,MAP_D17R0110,0,BELL_TOWER_ROOF_LADDER
BELL_TOWER_ROOF_LADDER,MAP_D17R0112,1,BELL_TOWER_F10_LADDER_UP
OLIVINE_GYM_ENT,MAP_T26GYM0101,0,OLIVINE_GYM_EXIT
OLIVINE_GYM_EXIT,MAP_T26,0,OLIVINE_GYM_ENT
OLIVINE_PC_ENT,MAP_T26PC0101,0,OLIVINE_PC_EXIT
OLIVINE_MART_ENT,MAP_T26FS0101,0,OLIVINE_MART_EXIT
OLIVINE_HOUSE_6_ENT,MAP_T26R0601,0,OLIVINE_HOUSE_6_EXIT
OLIVINE_HOUSE_7_ENT,MAP_T26R0701,0,OLIVINE_HOUSE_7_EXIT
OLIVINE_HOUSE_3_ENT,MAP_T26R0301,0,OLIVINE_HOUSE_3_EXIT
OLIVINE_HOUSE_5_ENT,MAP_T26R0501,0,OLIVINE_HOUSE_5_EXIT
OLIVINE_PORT_ENT,MAP_P01R0101,0,OLIVINE_PORT_EXIT
OLIVINE_PC_WIFI_ROOM_EXIT,MAP_T26PC0101,1,OLIVINE_PC_DOWNSTAIRS
OLIVINE_HARBOUR_BUILDING_ENT_S,MAP_P01R0101,1,OLIVINE_PORT_OUTSIDE_EXIT_S
SS_AQUA_OLIVINE_ENT,MAP_P01R0301,0,SS_AQUA_EXIT_OLIVINE
OLIVINE_HARBOUR_BUILDING_ENT_W,MAP_P01R0101,2,OLIVINE_PORT_OUTSIDE_EXIT_W
SS_AQUA_EXIT_OLIVINE,MAP_P01R0102,1,SS_AQUA_OLIVINE_ENT
OLIVINE_PC_EXIT,MAP_T26,1,OLIVINE_PC_ENT
OLIVINE_PC_DOWNSTAIRS,MAP_T26PC0102,0,OLIVINE_PC_WIFI_ROOM_EXIT
OLIVINE_MART_EXIT,MAP_T26,2,OLIVINE_MART_ENT
OLIVINE_HOUSE_3_EXIT,MAP_T26,6,OLIVINE_HOUSE_3_ENT
OLIVINE_HOUSE_5_EXIT,MAP_T26,7,OLIVINE_HOUSE_5_ENT
OLIVINE_HOUSE_6_EXIT,MAP_T26,4,OLIVINE_HOUSE_6_ENT
OLIVINE_HOUSE_7_EXIT,MAP_T26,5,OLIVINE_HOUSE_7_ENT
OLIVINE_PORT_EXIT,MAP_T26,8,OLIVINE_PORT_ENT
OLIVINE_PORT_OUTSIDE_EXIT_W,MAP_P01R0102,2,OLIVINE_HARBOUR_BUILDING_ENT_W
OLIVINE_PORT_OUTSIDE_EXIT_S,MAP_P01R0102,0,OLIVINE_HARBOUR_BUILDING_ENT_S
OLIVINE_LIGHTHOUSE_ENT,MAP_D27R0101,0,LIGHTHOUSE_OLIVINE_EXIT
LIGHTHOUSE_OLIVINE_EXIT,MAP_T26,3,OLIVINE_LIGHTHOUSE_ENT
LIGHTHOUSE_1F_TO_SECOND_FLOOR,MAP_D27R0102,0,LIGHTHOUSE_2F_STAIRS
LIGHTHOUSE_2F_STAIRS,MAP_D27R0101,2,LIGHTHOUSE_1F_TO_SECOND_FLOOR
LIGHTHOUSE_2F_LADDER,MAP_D27R0104,0,LIGHTHOUSE_3F_LADDER_DOWN
LIGHTHOUSE_EXTERIOR_ENT,MAP_D27R0104,5,LIGHTHOUSE_EXTERIOR_EXIT
LIGHTHOUSE_3F_LADDER_DOWN,MAP_D27R0102,1,LIGHTHOUSE_2F_LADDER
LIGHTHOUSE_3F_LADDER_R_UP,MAP_D27R0105,0,LIGHTHOUSE_4F_LADDER_DOWN_R
LIGHTHOUSE_3F_LADDER_L_UP,MAP_D27R0105,1,LIGHTHOUSE_4F_LADDER_DOWN_L
LIGHTHOUSE_EXTERIOR_EXIT,MAP_D27R0103,0,LIGHTHOUSE_EXTERIOR_ENT
LIGHTHOUSE_4F_LADDER_DOWN_L,MAP_D27R0104,3,LIGHTHOUSE_3F_LADDER_L_UP
LIGHTHOUSE_4F_LADDER_DOWN_R,MAP_D27R0104,1,LIGHTHOUSE_3F_LADDER_R_UP
LIGHTHOUSE_4F_LADDER_UP,MAP_D27R0106,0,LIGHTHOUSE_5F_LADDER_DOWN
LIGHTHOUSE_5F_LADDER_DOWN,MAP_D27R0105,2,LIGHTHOUSE_4F_LADDER_UP
LIGHTHOUSE_5F_LADDER_UP,MAP_D27R0107,0,LIGHTHOUSE_6F_LADDER_DOWN
LIGHTHOUSE_6F_LADDER_DOWN,MAP_D27R0106,1,LIGHTHOUSE_5F_LADDER_UP
SEAFOAM_ISLAND_EXIT_E,MAP_W20,0,SEAFOAM_ENT_E
SEAFOAM_ISLAND_EXIT_W,MAP_W20,1,SEAFOAM_ENT_W
SEAFOAM_ISLAND_1F_STAIRS_DOWN_W,MAP_D11R0102,1,SEAFOAM_BF1_STAIRS_W
SEAFOAM_ISLAND_1F_STAIRS_DOWN_E,MAP_D11R0102,0,SEAFOAM_BF1_STAIRS_E
SEAFOAM_ISLAND_LADDER_UP_1F,MAP_D11R0106,0,SEAFOAM_GYM_EXIT
SEAFOAM_ENT_E,MAP_D11R0101,0,SEAFOAM_ISLAND_EXIT_E
SEAFOAM_ENT_W,MAP_D11R0101,1,SEAFOAM_ISLAND_EXIT_W
SEAFOAM_BF1_STAIRS_E,MAP_D11R0101,2,SEAFOAM_ISLAND_1F_STAIRS_DOWN_E
SEAFOAM_BF1_STAIRS_W,MAP_D11R0101,3,SEAFOAM_ISLAND_1F_STAIRS_DOWN_W
SEAFOAM_BF1_LADDER_E,MAP_D11R0103,0,SEAFOAM_BF2_LADDER_UP_E
SEAFOAM_BF1_LADDER_C,MAP_D11R0103,1,SEAFOAM_BF2_LADDER_UP_C
SEAFOAM_BF1_LADDER_N,MAP_D11R0103,2,SEAFOAM_BF2_LADDER_UP_N
SEAFOAM_BF1_LADDER_W,MAP_D11R0103,3,SEAFOAM_BF2_LADDER_UP_W
SEAFOAM_BF2_LADDER_UP_E,MAP_D11R0102,2,SEAFOAM_BF1_LADDER_E
SEAFOAM_BF2_LADDER_UP_C,MAP_D11R0102,3,SEAFOAM_BF1_LADDER_C
SEAFOAM_BF2_LADDER_UP_N,MAP_D11R0102,4,SEAFOAM_BF1_LADDER_N
SEAFOAM_BF2_LADDER_UP_W,MAP_D11R0102,5,SEAFOAM_BF1_LADDER_W
SEAFOAM_BF2_LADDER_DOWN_NE,MAP_D11R0104,0,SEAFOAM_BF3_LADDER_UP_NE
SEAFOAM_BF2_LADDER_DOWN_SE,MAP_D11R0104,1,SEAFOAM_BF3_LADDER_UP_SE
SEAFOAM_BF2_LADDER_DOWN_C,MAP_D11R0104,2,SEAFOAM_BF3_LADDER_UP_C
SEAFOAM_BF2_LADDER_DOWN_W,MAP_D11R0104,3,SEAFOAM_BF3_LADDER_UP_W
SEAFOAM_BF3_LADDER_UP_NE,MAP_D11R0103,4,SEAFOAM_BF2_LADDER_DOWN_NE
SEAFOAM_BF3_LADDER_UP_SE,MAP_D11R0103,5,SEAFOAM_BF2_LADDER_DOWN_SE
SEAFOAM_BF3_LADDER_UP_C,MAP_D11R0103,6,SEAFOAM_BF2_LADDER_DOWN_C
SEAFOAM_BF3_LADDER_UP_W,MAP_D11R0103,7,SEAFOAM_BF2_LADDER_DOWN_W
SEAFOAM_BF3_LADDER_DOWN_SE,MAP_D11R0105,0,SEAFOAM_BF4_LADDER_SE
SEAFOAM_BF3_LADDER_DOWN_S,MAP_D11R0105,1,SEAFOAM_BF4_LADDER_S
SEAFOAM_BF3_LADDER_DOWN_NE,MAP_D11R0105,2,SEAFOAM_BF4_LADDER_NE
SEAFOAM_BF3_LADDER_DOWN_C,MAP_D11R0105,3,SEAFOAM_BF4_LADDER_C
SEAFOAM_BF3_LADDER_DOWN_SW,MAP_D11R0105,4,SEAFOAM_BF4_LADDER_SW
SEAFOAM_BF3_LADDER_DOWN_NW,MAP_D11R0105,5,SEAFOAM_BF4_LADDER_NW
SEAFOAM_BF4_LADDER_SE,MAP_D11R0104,4,SEAFOAM_BF3_LADDER_DOWN_SE
SEAFOAM_BF4_LADDER_S,MAP_D11R0104,5,SEAFOAM_BF3_LADDER_DOWN_S
SEAFOAM_BF4_LADDER_NE,MAP_D11R0104,6,SEAFOAM_BF3_LADDER_DOWN_NE
SEAFOAM_BF4_LADDER_C,MAP_D11R0104,7,SEAFOAM_BF3_LADDER_DOWN_C
SEAFOAM_BF4_LADDER_SW,MAP_D11R0104,8,SEAFOAM_BF3_LADDER_DOWN_SW
SEAFOAM_BF4_LADDER_NW,MAP_D11R0104,9,SEAFOAM_BF3_LADDER_DOWN_NW
SEAFOAM_GYM_EXIT,MAP_D11R0101,4,SEAFOAM_ISLAND_LADDER_UP_1F
BLACKTHORN_ICE_PATH_ENT,MAP_D39R0101,1,ICE_PATH_EXIT_BLACKTHORN
ICE_PATH_EXIT_BLACKTHORN,MAP_T30,0,BLACKTHORN_ICE_PATH_ENT
BLACKTHORN_GYM_ENT,MAP_T30GYM0101,0,BLACKTHORN_GYM_EXIT
BLACKTHORN_GYM_EXIT,MAP_T30,1,BLACKTHORN_GYM_ENT
BLACKTHORN_DRAGONS_DEN_ENT,MAP_D44R0101,0,DRAGONS_DEN_EXIT_BLACKTHORN
BLACKTHORN_HOUSE_2_ENT,MAP_T30R0201,0,BLACKTHORN_HOUSE_2_EXIT
BLACKTHORN_HOUSE_3_ENT,MAP_T30R0301,0,BLACKTHORN_HOUSE_3_EXIT
BLACKTHORN_MART_ENT,MAP_T30FS0101,0,BLACKTHORN_MART_EXIT
BLACKTHORN_PC_ENT,MAP_T30PC0101,0,BLACKTHORN_PC_EXIT
BLACKTHORN_HOUSE_6_ENT,MAP_T30R0601,0,BLACKTHORN_HOUSE_6_EXIT
BLACKTHORN_WIFI_ROOM_EXIT,MAP_T30PC0101,1,BLACKTHORN_PC_DOWNSTAIRS
DRAGONS_DEN_BUILDING_EXIT,MAP_D44R0102,2,DRAGONS_DEN_BUILDING_ENT
BLACKTHORN_HOUSE_3_EXIT,MAP_T30,4,BLACKTHORN_HOUSE_3_ENT
BLACKTHORN_HOUSE_6_EXIT,MAP_T30,7,BLACKTHORN_HOUSE_6_ENT
BLACKTHORN_MART_EXIT,MAP_T30,5,BLACKTHORN_MART_ENT
BLACKTHORN_HOUSE_2_EXIT,MAP_T30,3,BLACKTHORN_HOUSE_2_ENT
BLACKTHORN_PC_EXIT,MAP_T30,6,BLACKTHORN_PC_ENT
BLACKTHORN_PC_DOWNSTAIRS,MAP_T30PC0102,0,BLACKTHORN_WIFI_ROOM_EXIT
DRAGONS_DEN_EXIT_BLACKTHORN,MAP_T30,2,BLACKTHORN_DRAGONS_DEN_ENT
DRAGONS_DEN_1F_LADDER,MAP_D44R0102,0,DRAGONS_DEN_LADDER_UP
DRAGONS_DEN_LADDER_UP,MAP_D44R0101,1,DRAGONS_DEN_1F_LADDER
DRAGONS_DEN_BUILDING_ENT,MAP_D44R0103,0,DRAGONS_DEN_BUILDING_EXIT
EMBEDDED_TOWER_GROUDON_ENT,MAP_D52R0101,0,EMBEDDED_TOWER_GROUDON_EXIT
EMBEDDED_TOWER_KYOGRE_ENT,MAP_D52R0102,0,EMBEDDED_TOWER_KYOGRE_EXIT
EMBEDDED_TOWER_RAYQUAZA_ENT,MAP_D52R0103,0,EMBEDDED_TOWER_RAYQUAZA_EXIT
EMBEDDED_TOWER_GROUDON_EXIT,MAP_R47,4,EMBEDDED_TOWER_GROUDON_ENT
EMBEDDED_TOWER_KYOGRE_EXIT,MAP_R47,5,EMBEDDED_TOWER_KYOGRE_ENT
EMBEDDED_TOWER_RAYQUAZA_EXIT,MAP_R47,6,EMBEDDED_TOWER_RAYQUAZA_ENT
SAFFRON_HOUSE_1_EXIT,MAP_T11,10,SAFFRON_HOUSE_1_ENT
SAFFRON_HOUSE_5_EXIT,MAP_T11,14,SAFFRON_HOUSE_5_ENT
SAFFRON_HOUSE_6_EXIT,MAP_T11,6,SAFFRON_HOUSE_6_ENT
SAFFRON_HOUSE_6_UPSTAIRS,MAP_T11R0603,0,SAFFRON_HOUSE_6_DOWNSTAIRS
SAFFRON_SILPH_CO_EXIT,MAP_T11,8,SAFFRON_SILPH_CO_ENT
SAFFRON_HOUSE_8_EXIT,MAP_T11,7,SAFFRON_HOUSE_8_ENT
SAFFRON_HOUSE_8_STAIRS_UP,MAP_T11R0802,0,SAFFRON_HOUSE_8_STAIRS_DOWN
SAFFRON_HOUSE_8_STAIRS_DOWN,MAP_T11R0801,1,SAFFRON_HOUSE_8_STAIRS_UP
SAFFRON_PC_EXIT,MAP_T11,13,SAFFRON_PC_ENT
SAFFRON_PC_DOWNSTAIRS,MAP_T11PC0102,0,SAFFRON_WIFI_ROOM_EXIT
SAFFRON_WIFI_ROOM_EXIT,MAP_T11PC0101,1,SAFFRON_PC_DOWNSTAIRS
SAFFRON_MART_EXIT,MAP_T11,12,SAFFRON_MART_ENT
SAFFRON_GYM_EXIT,MAP_T11,11,SAFFRON_GYM_ENT
SAFFRON_HOUSE_6_DOWNSTAIRS,MAP_T11R0601,2,SAFFRON_HOUSE_6_UPSTAIRS
SAFFRON_GATE_W_INT_CITY,MAP_T11,15,SAFFRON_GATE_W_ENT
SAFFRON_GATE_W_INT_R7,MAP_R07,0,ROUTE_7_SAFFRON_GATE_W_R7
SAFFRON_GATE_S_INT_R6,MAP_R06,0,SAFFRON_GATE_S_R6
SAFFRON_GATE_S_INT_CITY,MAP_T11,0,SAFFRON_GATE_S_ENT
SAFFRON_GATE_E_INT_CITY,MAP_T11,2,SAFFRON_GATE_E_ENT
SAFFRON_GATE_E_INT_R8,MAP_R08,0,ROUTE_8_SAFFRON_GATE_E_R8
SAFFRON_GATE_N_INT_CITY,MAP_T11,4,SAFFRON_GATE_N_ENT
SAFFRON_GATE_N_INT_R5,MAP_R05,0,SAFFRON_GATE_N_R5
SAFFRON_GATE_S_ENT,MAP_R06R0201,1,SAFFRON_GATE_S_INT_CITY
SAFFRON_GATE_E_ENT,MAP_R08R0201,0,SAFFRON_GATE_E_INT_CITY
SAFFRON_GATE_N_ENT,MAP_R05R0301,0,SAFFRON_GATE_N_INT_CITY
SAFFRON_HOUSE_6_ENT,MAP_T11R0601,0,SAFFRON_HOUSE_6_EXIT
SAFFRON_HOUSE_8_ENT,MAP_T11R0801,0,SAFFRON_HOUSE_8_EXIT
SAFFRON_SILPH_CO_ENT,MAP_T11R0701,0,SAFFRON_SILPH_CO_EXIT
SAFFRON_HOUSE_1_ENT,MAP_T11R0101,0,SAFFRON_HOUSE_1_EXIT
SAFFRON_GYM_ENT,MAP_T11GYM0101,0,SAFFRON_GYM_EXIT
SAFFRON_MART_ENT,MAP_T11FS0101,0,SAFFRON_MART_EXIT
SAFFRON_PC_ENT,MAP_T11PC0101,0,SAFFRON_PC_EXIT
SAFFRON_HOUSE_5_ENT,MAP_T11R0501,0,SAFFRON_HOUSE_5_EXIT
SAFFRON_GATE_W_ENT,MAP_R07R0101,0,SAFFRON_GATE_W_INT_CITY
SAFFRON_GATE_S_R6,MAP_R06R0201,0,SAFFRON_GATE_S_INT_R6
SAFFRON_GATE_N_R5,MAP_R05R0301,1,SAFFRON_GATE_N_INT_R5
ROUTE_7_SAFFRON_GATE_W_R7,MAP_R07R0101,1,SAFFRON_GATE_W_INT_R7
ROUTE_8_SAFFRON_GATE_E_R8,MAP_R08R0201,1,SAFFRON_GATE_E_INT_R8
SAFFRON_GYM_TELE_8B,MAP_T11GYM0101,2,SAFFRON_GYM_TELE_9D
SAFFRON_GYM_TELE_9D,MAP_T11GYM0101,1,SAFFRON_GYM_TELE_8B
SAFFRON_GYM_TELE_9B,MAP_T11GYM0101,4,SAFFRON_GYM_TELE_6B
SAFFRON_GYM_TELE_6B,MAP_T11GYM0101,3,SAFFRON_GYM_TELE_9B
SAFFRON_GYM_TELE_6D,MAP_T11GYM0101,6,SAFFRON_GYM_TELE_4A
SAFFRON_GYM_TELE_4A,MAP_T11GYM0101,5,SAFFRON_GYM_TELE_6D
SAFFRON_GYM_TELE_4C,MAP_T11GYM0101,8,SAFFRON_GYM_TELE_1D
SAFFRON_GYM_TELE_1D,MAP_T11GYM0101,7,SAFFRON_GYM_TELE_4C
SAFFRON_GYM_TELE_1B,MAP_T11GYM0101,10,SAFFRON_GYM_TELE_2B
SAFFRON_GYM_TELE_2B,MAP_T11GYM0101,9,SAFFRON_GYM_TELE_1B
SAFFRON_GYM_TELE_2D,MAP_T11GYM0101,12,SAFFRON_GYM_TELE_7C
SAFFRON_GYM_TELE_7C,MAP_T11GYM0101,11,SAFFRON_GYM_TELE_2D
SAFFRON_GYM_TELE_7A,MAP_T11GYM0101,14,SAFFRON_GYM_TELE_3D
SAFFRON_GYM_TELE_3D,MAP_T11GYM0101,13,SAFFRON_GYM_TELE_7A
SAFFRON_GYM_TELE_3B,MAP_T11GYM0101,16,SAFFRON_GYM_TELE_9A
SAFFRON_GYM_TELE_9A,MAP_T11GYM0101,15,SAFFRON_GYM_TELE_3B
SAFFRON_GYM_TELE_9C,MAP_T11GYM0101,18,SAFFRON_GYM_TELE_7B
SAFFRON_GYM_TELE_7B,MAP_T11GYM0101,17,SAFFRON_GYM_TELE_9C
SAFFRON_GYM_TELE_7D,MAP_T11GYM0101,20,SAFFRON_GYM_TELE_4D
SAFFRON_GYM_TELE_4D,MAP_T11GYM0101,19,SAFFRON_GYM_TELE_7D
SAFFRON_GYM_TELE_4B,MAP_T11GYM0101,22,SAFFRON_GYM_TELE_2C
SAFFRON_GYM_TELE_2C,MAP_T11GYM0101,21,SAFFRON_GYM_TELE_4B
SAFFRON_GYM_TELE_2A,MAP_T11GYM0101,24,SAFFRON_GYM_TELE_6C
SAFFRON_GYM_TELE_6C,MAP_T11GYM0101,23,SAFFRON_GYM_TELE_2A
SAFFRON_GYM_TELE_6A,MAP_T11GYM0101,26,SAFFRON_GYM_TELE_3A
SAFFRON_GYM_TELE_3A,MAP_T11GYM0101,25,SAFFRON_GYM_TELE_6A
SAFFRON_GYM_TELE_3C,MAP_T11GYM0101,28,SAFFRON_GYM_TELE_1A
SAFFRON_GYM_TELE_1A,MAP_T11GYM0101,27,SAFFRON_GYM_TELE_3C
SAFFRON_GYM_TELE_1C,MAP_T11GYM0101,30,SAFFRON_GYM_TELE_SABRINA
SAFFRON_GYM_TELE_SABRINA,MAP_T11GYM0101,29,SAFFRON_GYM_TELE_1C
ILEX_GATE_N_R34,MAP_R34R0201,0,ILEX_GATE_N_INT_R34
ILEX_GATE_N_INT_R34,MAP_R34,0,ILEX_GATE_N_R34
ILEX_GATE_N_INT_FOREST,MAP_D36R0101,2,ILEX_GATE_N_FOREST
AZALEA_GATE_ILEX_FOREST,MAP_T23R0101,1,ILEX_GATE_INT_FOREST
ILEX_GATE_N_FOREST,MAP_R34R0201,1,ILEX_GATE_N_INT_FOREST
ILEX_GATE_INT_AZALEA,MAP_T23,0,AZALEA_ILEX_GATE_CITY
ILEX_GATE_INT_FOREST,MAP_D36R0101,0,AZALEA_GATE_ILEX_FOREST
AZALEA_ILEX_GATE_CITY,MAP_T23R0101,0,ILEX_GATE_INT_AZALEA
ROUTE_39_MOOMOO_ENT_1,MAP_R39R0101,0,MOOMOO_RANCH_R_EXIT
ROUTE_39_MOOMOO_ENT_2,MAP_R39R0201,0,MOOMOO_RANCH_L_EXIT
MOOMOO_RANCH_R_EXIT,MAP_R39,0,ROUTE_39_MOOMOO_ENT_1
MOOMOO_RANCH_R_TO_L,MAP_R39R0201,1,MOOMOO_RANCH_L_TO_R
MOOMOO_RANCH_L_EXIT,MAP_R39,1,ROUTE_39_MOOMOO_ENT_2
MOOMOO_RANCH_L_TO_R,MAP_R39R0101,1,MOOMOO_RANCH_R_TO_L
LAKE_OF_RAGE_HOUSE_N_ENT,MAP_T29R0101,0,LAKE_OF_RAGE_HOUSE_N_EXIT
LAKE_OF_RAGE_HOUSE_S_ENT,MAP_T29R0201,0,LAKE_OF_RAGE_HOUSE_S_EXIT
LAKE_OF_RAGE_HOUSE_N_EXIT,MAP_T29,0,LAKE_OF_RAGE_HOUSE_N_ENT
LAKE_OF_RAGE_HOUSE_S_EXIT,MAP_T29,1,LAKE_OF_RAGE_HOUSE_S_ENT
LAVENDER_PC_ENT,MAP_T05PC0101,0,LAVENDER_PC_EXIT
LAVENDER_HOUSE_2_ENT,MAP_T05R0201,0,LAVENDER_HOUSE_2_EXIT
LAVENDER_HOUSE_3_ENT,MAP_T05R0301,0,LAVENDER_HOUSE_3_EXIT
LAVENDER_HOUSE_4_ENT,MAP_T05R0401,0,LAVENDER_HOUSE_4_EXIT
LAVENDER_MART_ENT,MAP_T05FS0101,0,LAVENDER_MART_EXIT
LAVENDER_HOUSE_6_ENT,MAP_T05R0601,0,LAVENDER_HOUSE_6_EXIT
LAVENDER_HOUSE_7_ENT,MAP_T05R0701,0,LAVENDER_HOUSE_7_EXIT
LAVENDER_MART_EXIT,MAP_T05,4,LAVENDER_MART_ENT
LAVENDER_PC_EXIT,MAP_T05,0,LAVENDER_PC_ENT
LAVENDER_PC_DOWNSTAIRS,MAP_T05PC0102,0,LAVENDER_PC_WIFI_ROOM_EXIT
LAVENDER_HOUSE_2_EXIT,MAP_T05,1,LAVENDER_HOUSE_2_ENT
LAVENDER_HOUSE_3_EXIT,MAP_T05,2,LAVENDER_HOUSE_3_ENT
LAVENDER_HOUSE_4_EXIT,MAP_T05,3,LAVENDER_HOUSE_4_ENT
LAVENDER_HOUSE_6_EXIT,MAP_T05,5,LAVENDER_HOUSE_6_ENT
LAVENDER_HOUSE_7_EXIT,MAP_T05,6,LAVENDER_HOUSE_7_ENT
LAVENDER_PC_WIFI_ROOM_EXIT,MAP_T05PC0101,1,LAVENDER_PC_DOWNSTAIRS
MAHOGANY_GYM_LEADER_ROOM_ENT,MAP_T28GYM0101,0,MAHOGANY_GYM_LEADER_ROOM_EXIT
MAHOGANY_GYM_LEADER_ROOM_EXIT,MAP_T28GYM0102,1,MAHOGANY_GYM_LEADER_ROOM_ENT
MAHOGANY_GYM_ROOM_2_EXIT,MAP_T28GYM0103,1,MAHOGANY_GYM_ROOM_2_ENT
MAHOGANY_GYM_EXIT,MAP_T28,2,MAHOGANY_GYM_ENT
MAHOGANY_GYM_ROOM_2_ENT,MAP_T28GYM0102,0,MAHOGANY_GYM_ROOM_2_EXIT
MAHOGANY_PC_EXIT,MAP_T28,3,MAHOGANY_PC_ENT
MAHOGANY_PC_DOWNSTAIRS,MAP_T28PC0102,0,MAHOGANY_WIFI_ROOM_EXIT
MAHOGANY_WIFI_ROOM_EXIT,MAP_T28PC0101,1,MAHOGANY_PC_DOWNSTAIRS
MAHOGANY_GATE_INT_TOWN,MAP_T28,0,MAHOGANY_GATE_N_TOWN
MAHOGANY_GATE_INT_R43,MAP_R43,0,MAHOGANY_GATE_R43
MAHOGANY_GATE_N_TOWN,MAP_R43R0101,0,MAHOGANY_GATE_INT_TOWN
MAHOGANY_GYM_ENT,MAP_T28GYM0103,0,MAHOGANY_GYM_EXIT
MAHOGANY_PC_ENT,MAP_T28PC0101,0,MAHOGANY_PC_EXIT
MAHOGANY_ROCKET_HIDEOUT_SHOP_ENT,MAP_D35R0101,0,ROCKET_HIDEOUT_SHOP_EXIT
MAHOGANY_GATE_R43,MAP_R43R0101,1,MAHOGANY_GATE_INT_R43
MAHOGHANY_HOUSE_EXIT,MAP_T28,4,MAHOGANY_HOUSE_ENT
MAHOGANY_HOUSE_ENT,MAP_T28R0201,0,MAHOGHANY_HOUSE_EXIT
ROCKET_HIDEOUT_BF1_UP,MAP_D35R0101,1,ROCKET_HIDEOUT_SHOP_TO_BF1
ROCKET_HIDEOUT_BF1_DOWN,MAP_D35R0103,0,ROCKET_HIDEOUT_BF2_TO_BF1
ROCKET_HIDEOUT_BF2_TO_BF1,MAP_D35R0102,1,ROCKET_HIDEOUT_BF1_DOWN
ROCKET_HIDEOUT_BF2_STAIRS_SE,MAP_D35R0104,0,ROCKET_HIDEOUT_BF3_STAIRS_SE
ROCKET_HIDEOUT_BF2_STAIRS_W,MAP_D35R0104,1,ROCKET_HIDEOUT_BF3_STAIRS_W
ROCKET_HIDEOUT_BF2_STAIRS_NW,MAP_D35R0104,2,ROCKET_HIDEOUT_BF3_STAIRS_NW
ROCKET_HIDEOUT_BF2_STAIRS_NE,MAP_D35R0104,3,ROCKET_HIDEOUT_BF3_STAIRS_NE
ROCKET_HIDEOUT_BF3_STAIRS_SE,MAP_D35R0103,1,ROCKET_HIDEOUT_BF2_STAIRS_SE
ROCKET_HIDEOUT_BF3_STAIRS_W,MAP_D35R0103,2,ROCKET_HIDEOUT_BF2_STAIRS_W
ROCKET_HIDEOUT_BF3_STAIRS_NW,MAP_D35R0103,3,ROCKET_HIDEOUT_BF2_STAIRS_NW
ROCKET_HIDEOUT_BF3_STAIRS_NE,MAP_D35R0103,4,ROCKET_HIDEOUT_BF2_STAIRS_NE
ROCKET_HIDEOUT_SHOP_EXIT,MAP_T28,5,MAHOGANY_ROCKET_HIDEOUT_SHOP_ENT
ROCKET_HIDEOUT_SHOP_TO_BF1,MAP_D35R0102,0,ROCKET_HIDEOUT_BF1_UP
ICE_PATH_BF1_LADDER_UP_N,MAP_D39R0101,2,ICE_PATH_LADDER_N
ICE_PATH_BF1_LADDER_DOWN_N,MAP_D39R0103,0,ICE_PATH_BF2_LADDER_UP_W
ICE_PATH_BF1_LADDER_DOWN_S,MAP_D39R0103,4,ICE_PATH_BF2_LADDER_UP_E
ICE_PATH_BF1_LADDER_UP_S,MAP_D39R0101,3,ICE_PATH_LADDER_S
ICE_PATH_BF2_LADDER_UP_W,MAP_D39R0102,2,ICE_PATH_BF1_LADDER_DOWN_N
ICE_PATH_BF2_LADDER_DOWN_W,MAP_D39R0104,0,ICE_PATH_BF3_LADDER_W
ICE_PATH_BF2_LADDER_DOWN_E,MAP_D39R0104,2,ICE_PATH_BF3_LADDER_E
ICE_PATH_BF2_LADDER_UP_E,MAP_D39R0102,3,ICE_PATH_BF1_LADDER_DOWN_S
ICE_PATH_BF3_LADDER_W,MAP_D39R0103,2,ICE_PATH_BF2_LADDER_DOWN_W
ICE_PATH_BF3_LADDER_E,MAP_D39R0103,3,ICE_PATH_BF2_LADDER_DOWN_E
ICE_PATH_EXIT_R44,MAP_R44,0,ROUTE_44_ICE_PATH_ENT
ICE_PATH_LADDER_N,MAP_D39R0102,0,ICE_PATH_BF1_LADDER_UP_N
ICE_PATH_LADDER_S,MAP_D39R0102,4,ICE_PATH_BF1_LADDER_UP_S
ROUTE_44_ICE_PATH_ENT,MAP_D39R0101,0,ICE_PATH_EXIT_R44
CIANWOOD_GYM_ENT,MAP_T24GYM0101,0,CIANWOOD_GYM_EXIT
CIANWOOD_PC_ENT,MAP_T24PC0101,0,CIANWOOD_PC_EXIT
CIANWOOD_HOUSE_5_ENT,MAP_T24R0501,0,CIANWOOD_HOUSE_5_EXIT
CIANWOOD_HOUSE_2_ENT,MAP_T24R0201,0,CIANWOOD_HOUSE_2_EXIT
CIANWOOD_HOUSE_7_ENT,MAP_T24R0701,0,CIANWOOD_HOUSE_7_EXIT
CIANWOOD_HOUSE_6_ENT,MAP_T24R0601,0,CIANWOOD_HOUSE_6_EXIT
CIANWOOD_CLIFF_ENT,MAP_D48R0101,0,CLIFF_GATE_INT_CIANWOOD
CIANWOOD_HOUSE_8_ENT,MAP_T24R0801,0,CIANWOOD_HOUSE_8_EXIT
CIANWOOD_HOUSE_8_EXIT,MAP_T24,7,CIANWOOD_HOUSE_8_ENT
CLIFF_GATE_INT_CIANWOOD,MAP_T24,6,CIANWOOD_CLIFF_ENT
CIANWOOD_HOUSE_2_EXIT,MAP_T24,3,CIANWOOD_HOUSE_2_ENT
CIANWOOD_HOUSE_5_EXIT,MAP_T24,2,CIANWOOD_HOUSE_5_ENT
CIANWOOD_HOUSE_6_EXIT,MAP_T24,5,CIANWOOD_HOUSE_6_ENT
CIANWOOD_HOUSE_7_EXIT,MAP_T24,4,CIANWOOD_HOUSE_7_ENT
CIANWOOD_PC_EXIT,MAP_T24,1,CIANWOOD_PC_ENT
CIANWOOD_PC_DOWNSTAIRS,MAP_T24PC0102,0,CIANWOOD_PC_WIFI_ROOM_EXIT
CIANWOOD_PC_WIFI_ROOM_EXIT,MAP_T24PC0101,1,CIANWOOD_PC_DOWNSTAIRS
CIANWOOD_GYM_EXIT,MAP_T24,0,CIANWOOD_GYM_ENT
SINJOH_HOUSE_ENT,MAP_D51R0301,0,SINJOH_HOUSE_EXIT
SINJOH_MYSTRI_SHRINE_ENT,MAP_D51R0201,0,SINJOH_MYSTRI_SHRINE_EXIT
SINJOH_MYSTRI_SHRINE_EXIT,MAP_D51R0101,1,SINJOH_MYSTRI_SHRINE_ENT
SINJOH_HOUSE_EXIT,MAP_D51R0101,0,SINJOH_HOUSE_ENT
GOLDENROD_GAME_CORNER_EXIT,MAP_T25,6,GOLDENROD_GAME_CORNER_ENT
GOLDENROD_GAME_CORNER_ENT,MAP_T25SP0101,0,GOLDENROD_GAME_CORNER_EXIT
GOLDENROD_HOUSE_5_ENT,MAP_T25R0501,0,GOLDENROD_HOUSE_5_EXIT
GOLDENROD_HOUSE_5_DOWNSTAIRS,MAP_T25R0501,1,GOLDENROD_HOUSE_5_ROOM_1_TO_3
GOLDENROD_HOUSE_5_EXIT,MAP_T25,9,GOLDENROD_HOUSE_5_ENT
GOLDENROD_HOUSE_5_ROOM_1_TO_3,MAP_T25R0503,0,GOLDENROD_HOUSE_5_DOWNSTAIRS
GOLDENROD_GLOBAL_TERMINAL_ENT,MAP_T25R1201,0,GOLDENROD_GLOBAL_TERMINAL_EXIT
GOLDENROD_GLOBAL_TERMINAL_EXIT,MAP_T25,16,GOLDENROD_GLOBAL_TERMINAL_ENT
GOLDENROD_GLOBAL_TERMINAL_TELE_R1_TO_R2,MAP_T25R1202,0,GOLDENROD_GLOBAL_TERMINAL_TELE_R2_TO_R1
GOLDENROD_GLOBAL_TERMINAL_TELE_R1_TO_R3,MAP_T25R1203,0,GOLDENROD_GLOBAL_TERMINAL_TELE_R3_TO_R1
GOLDENROD_GLOBAL_TERMINAL_TELE_R2_TO_R1,MAP_T25R1201,1,GOLDENROD_GLOBAL_TERMINAL_TELE_R1_TO_R2
GOLDENROD_GLOBAL_TERMINAL_TELE_R2_TO_R3,MAP_T25R1203,1,GOLDENROD_GLOBAL_TERMINAL_TELE_R3_TO_R2
GOLDENROD_GLOBAL_TERMINAL_TELE_R3_TO_R1,MAP_T25R1201,2,GOLDENROD_GLOBAL_TERMINAL_TELE_R1_TO_R3
GOLDENROD_GLOBAL_TERMINAL_TELE_R3_TO_R2,MAP_T25R1202,1,GOLDENROD_GLOBAL_TERMINAL_TELE_R2_TO_R3
GOLDENROD_EXIT_HOUSE_2,MAP_T25,3,GOLDENROD_HOUSE_2_ENT
GOLDENROD_HOUSE_4_EXIT,MAP_T25,12,GOLDENROD_HOUSE_4_ENT
GOLDENROD_HOUSE_3_EXIT,MAP_T25,13,GOLDENROD_HOUSE_3_ENT
GOLDENROD_HOUSE_8_EXIT,MAP_T25,14,GOLDENROD_HOUSE_8_ENT
GOLDENROD_HOUSE_9_EXIT,MAP_T25,15,GOLDENROD_HOUSE_9_ENT
GOLDENROD_EXIT_HOUSE_6,MAP_T25,4,GOLDENROD_HOUSE_6_ENT
GOLDENROD_HOUSE_2_ENT,MAP_T25R0201,0,GOLDENROD_EXIT_HOUSE_2
GOLDENROD_HOUSE_6_ENT,MAP_T25R0601,0,GOLDENROD_EXIT_HOUSE_6
GOLDENROD_HOUSE_4_ENT,MAP_T25R0401,0,GOLDENROD_HOUSE_4_EXIT
GOLDENROD_HOUSE_3_ENT,MAP_T25R0301,0,GOLDENROD_HOUSE_3_EXIT
GOLDENROD_HOUSE_8_ENT,MAP_T25R0801,0,GOLDENROD_HOUSE_8_EXIT
GOLDENROD_HOUSE_9_ENT,MAP_T25R0901,0,GOLDENROD_HOUSE_9_EXIT
GOLDENROD_PC_ENT,MAP_T25PC0101,0,GOLDENROD_EXIT_PC
GOLDENROD_EXIT_PC,MAP_T25,5,GOLDENROD_PC_ENT
GOLDENROD_PC_DOWNSTAIRS,MAP_T25PC0102,0,GOLDENROD_PC_WIFI_ROOM_UP
GOLDENROD_PC_WIFI_ROOM_UP,MAP_T25PC0101,1,GOLDENROD_PC_DOWNSTAIRS
GOLDENROD_RADIO_TOWER_ENT,MAP_D23R0101,0,RADIO_TOWER_GOLDENROD_EXIT
RADIO_TOWER_GOLDENROD_EXIT,MAP_T25,7,GOLDENROD_RADIO_TOWER_ENT
RADIO_TOWER_1F_TO_2F,MAP_D23R0102,0,RADIO_TOWER_2F_TO_1F
RADIO_TOWER_2F_TO_1F,MAP_D23R0101,1,RADIO_TOWER_1F_TO_2F
RADIO_TOWER_2F_TO_3F,MAP_D23R0103,0,RADIO_TOWER_3F_TO_2F
RADIO_TOWER_3F_TO_2F,MAP_D23R0102,1,RADIO_TOWER_2F_TO_3F
RADIO_TOWER_3F_TO_4F_L,MAP_D23R0104,0,RADIO_TOWER_4F_TO_3F_L
RADIO_TOWER_3F_TO_4F_R,MAP_D23R0104,2,RADIO_TOWER_4F_TO_3F_R
RADIO_TOWER_4F_TO_3F_L,MAP_D23R0103,1,RADIO_TOWER_3F_TO_4F_L
RADIO_TOWER_4F_TO_5F_T,MAP_D23R0105,0,RADIO_TOWER_5F_TO_4F_L
RADIO_TOWER_4F_TO_3F_R,MAP_D23R0103,2,RADIO_TOWER_3F_TO_4F_R
RADIO_TOWER_4F_TO_5F_B,MAP_D23R0105,2,RADIO_TOWER_5F_TO_4F_R
RADIO_TOWER_5F_TO_4F_L,MAP_D23R0104,1,RADIO_TOWER_4F_TO_5F_T
RADIO_TOWER_5F_TO_4F_R,MAP_D23R0104,3,RADIO_TOWER_4F_TO_5F_B
GOLDENROD_DEPT_ENT,MAP_T25R1001,0,GOLDENROD_DEPT_EXIT
GOLDENROD_DEPT_EXIT,MAP_T25,8,GOLDENROD_DEPT_ENT
GOLDENROD_DEPT_F1_STAIRS,MAP_T25R1002,0,GOLDENROD_DEPT_F2_STAIRS_DOWN
GOLDENROD_DEPT_F2_STAIRS_DOWN,MAP_T25R1001,1,GOLDENROD_DEPT_F1_STAIRS
GOLDENROD_DEPT_F2_STAIRS_UP,MAP_T25R1003,0,GOLDENROD_DEPT_F3_STAIRS_DOWN
GOLDENROD_DEPT_F3_STAIRS_DOWN,MAP_T25R1002,1,GOLDENROD_DEPT_F2_STAIRS_UP
GOLDENROD_DEPT_F3_STAIRS_UP,MAP_T25R1004,0,GOLDENROD_DEPT_F4_STAIRS_DOWN
GOLDENROD_DEPT_F4_STAIRS_DOWN,MAP_T25R1003,1,GOLDENROD_DEPT_F3_STAIRS_UP
GOLDENROD_DEPT_F4_STAIRS_UP,MAP_T25R1005,0,GOLDENROD_DEPT_F5_STAIRS_DOWN
GOLDENROD_DEPT_F5_STAIRS_DOWN,MAP_T25R1004,1,GOLDENROD_DEPT_F4_STAIRS_UP
GOLDENROD_DEPT_F5_STAIRS_UP,MAP_T25R1006,0,GOLDENROD_DEPT_F6_STAIRS_DOWN
GOLDENROD_DEPT_F6_STAIRS_DOWN,MAP_T25R1005,1,GOLDENROD_DEPT_F5_STAIRS_UP
GOLDENROD_DEPT_STORE_BASEMENT_STAIRS_DOWN,MAP_D37R0105,1,GOLDENROD_DEPT_STORE_BASEMENT_STAIRS_UP
GOLDENROD_TUNNEL_STAIRS_TO_N_BUILDING,MAP_D37R0101,6,GOLDENROD_TUNNEL_N_UNDERGROUND_ENT
GOLDENROD_TUNNEL_STAIRS_TO_S_BUILDING,MAP_D37R0101,8,GOLDENROD_TUNNEL_S_UNDERGROUND_ENT
GOLDENROD_TUNNEL_GALLERY_ENT,MAP_D37R0102,3,GOLDENROD_TUNNEL_GALLERY_EXIT
GOLDENROD_TUNNEL_GALLERY_EXIT,MAP_D37R0102,2,GOLDENROD_TUNNEL_GALLERY_ENT
GOLDENROD_TUNNEL_ROCKET_ENT,MAP_D37R0101,4,GOLDENROD_TUNNEL_ROCKET_AREA_EXIT
GOLDENROD_TUNNEL_ROCKET_EXIT,MAP_D37R0101,5,GOLDENROD_TUNNEL_ROCKET_AREA_STAIRS_DOWN
GOLDENROD_TUNNEL_ROCKET_STORAGE_ENT,MAP_D37R0105,0,GOLDENROD_TUNNEL_ROCKET_STORAGE_EXIT
GOLDENROD_TUNNEL_ROCKET_STORAGE_EXIT,MAP_D37R0104,1,GOLDENROD_TUNNEL_ROCKET_STORAGE_ENT
GOLDENROD_DEPT_STORE_BASEMENT_STAIRS_UP,MAP_D37R0103,0,GOLDENROD_DEPT_STORE_BASEMENT_STAIRS_DOWN
GOLDENROD_GYM_EXIT,MAP_T25,2,GOLDENROD_GYM_ENT
GOLDENROD_TUNNEL_N_EXIT,MAP_T25,10,GOLDENROD_UNDERGROUND_ENT_N
GOLDENROD_TUNNEL_S_EXIT,MAP_T25,11,GOLDENROD_UNDERGROUND_ENT_S
GOLDENROD_TUNNEL_N_UNDERGROUND_ENT,MAP_D37R0102,5,GOLDENROD_TUNNEL_STAIRS_TO_N_BUILDING
GOLDENROD_TUNNEL_S_UNDERGROUND_ENT,MAP_D37R0102,6,GOLDENROD_TUNNEL_STAIRS_TO_S_BUILDING
GOLDENROD_TUNNEL_ROCKET_AREA_EXIT,MAP_D37R0102,4,GOLDENROD_TUNNEL_ROCKET_ENT
GOLDENROD_TUNNEL_ROCKET_AREA_STAIRS_DOWN,MAP_D37R0104,0,GOLDENROD_TUNNEL_ROCKET_EXIT
GOLDENROD_GATE_INT_CITY,MAP_T25,0,GOLDENROD_GATE_N_CITY
GOLDENROD_GATE_INT_R35,MAP_R35,0,GOLDENROD_GATE_N_R35
GOLDENROD_GATE_N_CITY,MAP_R35R0101,0,GOLDENROD_GATE_INT_CITY
GOLDENROD_GATE_N_R35,MAP_R35R0101,1,GOLDENROD_GATE_INT_R35
GOLDENROD_GYM_ENT,MAP_T25GYM0101,0,GOLDENROD_GYM_EXIT
GOLDENROD_UNDERGROUND_ENT_N,MAP_D37R0101,0,GOLDENROD_TUNNEL_N_EXIT
GOLDENROD_UNDERGROUND_ENT_S,MAP_D37R0101,1,GOLDENROD_TUNNEL_S_EXIT
WHIRL_ISLAND_BF1_LADDER_UP_NW,MAP_D40R0101,4,WHIRL_LADDER_DOWN_NW
WHIRL_ISLAND_BF1_LADDER_UP_SW,MAP_D40R0101,6,WHIRL_LADDER_DOWN_SW_L
WHIRL_ISLAND_BF1_LADDER_DOWN_W,MAP_D40R0104,0,WHIRL_ISLAND_BF2_LADDER_UP_W
WHIRL_ISLAND_BF1_LADDER_UP_C_NE,MAP_D40R0101,1,WHIRL_LADDER_DOWN_NE_LOWER
WHIRL_ISLAND_BF1_LADDER_UP_NE,MAP_D40R0101,2,WHIRL_LADDER_DOWN_NE_UPPER
WHIRL_ISLAND_BF1_LADDER_UP_S,MAP_D40R0101,7,WHIRL_LADDER_DOWN_SW_R
WHIRL_ISLAND_BF1_LADDER_DOWN_E,MAP_D40R0104,2,WHIRL_ISLAND_BF2_LADDER_UP_E
WHIRL_ISLAND_BF1_LADDER_UP_SE,MAP_D40R0101,8,WHIRL_LADDER_DOWN_SE
WHIRL_ISLAND_BF2_LADDER_UP_W,MAP_D40R0102,4,WHIRL_ISLAND_BF1_LADDER_DOWN_W
WHIRL_ISLAND_BF2_LADDER_UP_E,MAP_D40R0102,11,WHIRL_ISLAND_BF1_LADDER_DOWN_E
WHIRL_ISLAND_LOOKOUT_ENT,MAP_D40R0106,0,WHIRL_ISLAND_LOOKOUT_EXIT
WHIRL_ISLAND_LUGIA_CAVE_ENT,MAP_D40R0107,0,WHIRL_ISLAND_LUGIA_CAVE_EXIT
WHIRL_ISLAND_LUGIA_CAVE_EXIT,MAP_D40R0104,5,WHIRL_ISLAND_LUGIA_CAVE_ENT
WHIRL_ISLAND_LOOKOUT_EXIT,MAP_D40R0104,4,WHIRL_ISLAND_LOOKOUT_ENT
WHIRL_EXIT_NE,MAP_W41,2,WHIRL_ISLANDS_NE_ENT
WHIRL_LADDER_DOWN_NE_LOWER,MAP_D40R0102,5,WHIRL_ISLAND_BF1_LADDER_UP_C_NE
WHIRL_LADDER_DOWN_NE_UPPER,MAP_D40R0102,7,WHIRL_ISLAND_BF1_LADDER_UP_NE
WHIRL_EXIT_NW,MAP_W41,0,WHIRL_ISLANDS_NW_ENT
WHIRL_LADDER_DOWN_NW,MAP_D40R0102,0,WHIRL_ISLAND_BF1_LADDER_UP_NW
WHIRL_EXIT_SW,MAP_W41,1,WHIRL_ISLANDS_SW_ENT
WHIRL_LADDER_DOWN_SW_L,MAP_D40R0102,2,WHIRL_ISLAND_BF1_LADDER_UP_SW
WHIRL_LADDER_DOWN_SW_R,MAP_D40R0102,9,WHIRL_ISLAND_BF1_LADDER_UP_S
WHIRL_LADDER_DOWN_SE,MAP_D40R0102,12,WHIRL_ISLAND_BF1_LADDER_UP_SE
WHIRL_EXIT_SE,MAP_W41,3,WHIRL_ISLANDS_SE_ENT
WHIRL_ISLANDS_NW_ENT,MAP_D40R0101,3,WHIRL_EXIT_NW
WHIRL_ISLANDS_SW_ENT,MAP_D40R0101,5,WHIRL_EXIT_SW
WHIRL_ISLANDS_NE_ENT,MAP_D40R0101,0,WHIRL_EXIT_NE
WHIRL_ISLANDS_SE_ENT,MAP_D40R0101,9,WHIRL_EXIT_SE
PALLET_TOWN_REDS_HOUSE_ENT,MAP_T01R0101,0,PALLET_HOUSE_RED_EXIT
PALLET_TOWN_BLUES_HOUSE_ENT,MAP_T01R0201,0,PALLET_HOUSE_BLUE_EXIT
PALLET_TOWN_OAK_LAB_ENT,MAP_T01R0301,0,PALLET_LAB_EXIT
PALLET_HOUSE_RED_EXIT,MAP_T01,0,PALLET_TOWN_REDS_HOUSE_ENT
PALLET_HOUSE_RED_UPSTAIRS,MAP_T01R0102,0,PALLET_HOUSE_RED_DOWNSTAIRS
PALLET_HOUSE_BLUE_EXIT,MAP_T01,1,PALLET_TOWN_BLUES_HOUSE_ENT
PALLET_HOUSE_BLUE_UPSTAIRS,MAP_T01R0202,0,PALLET_HOUSE_BLUE_DOWNSTAIRS
PALLET_LAB_EXIT,MAP_T01,2,PALLET_TOWN_OAK_LAB_ENT
PALLET_HOUSE_RED_DOWNSTAIRS,MAP_T01R0101,1,PALLET_HOUSE_RED_UPSTAIRS
PALLET_HOUSE_BLUE_DOWNSTAIRS,MAP_T01R0201,1,PALLET_HOUSE_BLUE_UPSTAIRS
CINNABAR_PC_ENT,MAP_T09PC0101,0,CINNABAR_PC_EXIT
CINNABAR_PC_EXIT,MAP_T09,0,CINNABAR_PC_ENT
CINNABAR_PC_DOWNSTAIRS,MAP_T09PC0102,0,CINNABAR_PC_WIFI_ROOM_EXIT
CINNABAR_PC_WIFI_ROOM_EXIT,MAP_T09PC0101,1,CINNABAR_PC_DOWNSTAIRS
DIGLETT_CAVE_R11_EXIT,MAP_R11,2,ROUTE_11_DIGLETT_CAVE_ENT
DIGLETT_CAVE_DOWN_S,MAP_D01R0101,2,DIGLETT_CAVE_UP_S
DIGLETT_CAVE_UP_S,MAP_D01R0101,1,DIGLETT_CAVE_DOWN_S
DIGLETT_CAVE_UP_N,MAP_D01R0101,6,DIGLETT_CAVE_DOWN_N
DIGLETT_CAVE_DOWN_N,MAP_D01R0101,4,DIGLETT_CAVE_UP_N
DIGLETT_CAVE_R2_EXIT,MAP_R02R0101,4,DIGLETT_CAVE_ROUTE_2_ENT
DIGLETT_CAVE_ROUTE_2_ENT,MAP_D01R0101,7,DIGLETT_CAVE_R2_EXIT
ROUTE_11_DIGLETT_CAVE_ENT,MAP_D01R0101,0,DIGLETT_CAVE_R11_EXIT
FUCHSIA_GATE_S_INT_CITY,MAP_T08,2,FUCHSIA_GATE_S_CITY
FUCHSIA_GATE_S_INT_R19,MAP_W19,0,FUCHSIA_CITY_GATE_S_R19
FUCHSIA_GATE_E_R15,MAP_R15R0101,1,FUCHSIA_GATE_E_INT_R15
FUCHSIA_MART_EXIT,MAP_T08,4,FUCHSIA_MART_ENT
FUCHSIA_PAL_PARK_EXIT,MAP_T08,5,FUCHSIA_PAL_PARK_ENT
FUCHSIA_GYM_EXIT,MAP_T08,7,FUCHSIA_GYM_ENT
FUCHSIA_HOUSE_4_EXIT,MAP_T08,8,FUCHSIA_HOUSE_4_ENT
FUCHSIA_PC_EXIT,MAP_T08,9,FUCHSIA_PC_ENT
FUCHSIA_PC_DOWNSTAIRS,MAP_T08PC0102,0,FUCHSIA_PC_WIFI_ROOM_EXIT
FUCHSIA_PC_WIFI_ROOM_EXIT,MAP_T08PC0101,1,FUCHSIA_PC_DOWNSTAIRS
FUCHSIA_HOUSE_6_EXIT,MAP_T08,10,FUCHSIA_HOUSE_6_ENT
FUCHSIA_GATE_E_INT_CITY,MAP_T08,0,FUCHSIA_GATE_E_CITY
FUCHSIA_GATE_E_INT_R15,MAP_R15,0,FUCHSIA_GATE_E_R15
FUCHSIA_CITY_GATE_S_R19,MAP_W19R0101,1,FUCHSIA_GATE_S_INT_R19
FUCHSIA_GATE_E_CITY,MAP_R15R0101,0,FUCHSIA_GATE_E_INT_CITY
FUCHSIA_GATE_S_CITY,MAP_W19R0101,0,FUCHSIA_GATE_S_INT_CITY
FUCHSIA_MART_ENT,MAP_T08FS0101,0,FUCHSIA_MART_EXIT
FUCHSIA_PAL_PARK_ENT,MAP_T08R0201,0,FUCHSIA_PAL_PARK_EXIT
FUCHSIA_GYM_ENT,MAP_T08GYM0101,0,FUCHSIA_GYM_EXIT
FUCHSIA_HOUSE_4_ENT,MAP_T08R0401,0,FUCHSIA_HOUSE_4_EXIT
FUCHSIA_PC_ENT,MAP_T08PC0101,0,FUCHSIA_PC_EXIT
FUCHSIA_HOUSE_6_ENT,MAP_T08R0601,0,FUCHSIA_HOUSE_6_EXIT
FUCHSIA_GATE_W_R18,MAP_R18R0101,0,ROUTE_18_GATE_INT_W
FUCHSIA_GATE_W_CITY,MAP_R18R0101,1,ROUTE_18_GATE_INT_E
ROUTE_18_GATE_INT_W,MAP_R18,0,FUCHSIA_GATE_W_R18
ROUTE_18_GATE_INT_E,MAP_R18,2,FUCHSIA_GATE_W_CITY
PEWTER_HOUSE_1_ENT,MAP_T03R0101,0,PEWTER_HOUSE_1_EXIT
PEWTER_HOUSE_1_EXIT,MAP_T03,0,PEWTER_HOUSE_1_ENT
PEWTER_HOUSE_2_ENT,MAP_T03R0201,0,PEWTER_HOUSE_2_EXIT
PEWTER_GYM_ENT,MAP_T03GYM0101,0,PEWTER_GYM_EXIT
PEWTER_MART_ENT,MAP_T03FS0101,0,PEWTER_MART_EXIT
PEWTER_PC_ENT,MAP_T03PC0101,0,PEWTER_PC_EXIT
PEWTER_HOUSE_3_ENT,MAP_T03R0601,0,PEWTER_HOUSE_3_EXIT
PEWTER_HOUSE_3_EXIT,MAP_T03,5,PEWTER_HOUSE_3_ENT
PEWTER_HOUSE_2_EXIT,MAP_T03,1,PEWTER_HOUSE_2_ENT
PEWTER_GYM_EXIT,MAP_T03,2,PEWTER_GYM_ENT
PEWTER_MART_EXIT,MAP_T03,3,PEWTER_MART_ENT
PEWTER_PC_EXIT,MAP_T03,4,PEWTER_PC_ENT
PEWTER_PC_DOWNSTAIRS,MAP_T03PC0102,0,PEWTER_WIFI_ROOM_EXIT
PEWTER_WIFI_ROOM_EXIT,MAP_T03PC0101,1,PEWTER_PC_DOWNSTAIRS
CERULEAN_HOUSE_1_ENT,MAP_T04R0101,0,CERULEAN_HOUSE_1_EXIT
CERULEAN_HOUSE_2_ENT,MAP_T04R0201,0,CERULEAN_HOUSE_2_EXIT
CERULEAN_HOUSE_3_ENT,MAP_T04R0301,0,CERULEAN_HOUSE_3_EXIT
CERULEAN_PC_ENT,MAP_T04PC0101,0,CERULEAN_PC_EXIT
CERULEAN_GYM_ENT,MAP_T04GYM0101,0,CERULEAN_GYM_EXIT
CERULEAN_MART_ENT,MAP_T04FS0101,0,CERULEAN_MART_EXIT
CERULEAN_HOUSE_4_ENT,MAP_T04R0401,0,CERULEAN_HOUSE_4_EXIT
CERULEAN_CAVE_ENT,MAP_D03R0101,0,CERULEAN_CAVE_EXIT
CERULEAN_PC_WIFI_ROOM_EXIT,MAP_T04PC0101,1,CERULEAN_PC_DOWNSTAIRS
CERULEAN_CAVE_2F_LADDER_NW,MAP_D03R0101,5,CERULEAN_CAVE_LADDER_UP_NW
CERULEAN_CAVE_2F_LADDER_NW_C,MAP_D03R0101,6,CERULEAN_CAVE_LADDER_CNW
CERULEAN_CAVE_2F_LADDER_W,MAP_D03R0101,8,CERULEAN_CAVE_LADDER_UP_W
CERULEAN_CAVE_2F_LADDER_NE,MAP_D03R0101,1,CERULEAN_CAVE_LADDER_UP_NE
CERULEAN_CAVE_2F_LADDER_E,MAP_D03R0101,3,CERULEAN_CAVE_LADDER_UP_E
CERULEAN_CAVE_2F_LADDER_C,MAP_D03R0101,4,CERULEAN_CAVE_LADDER_UP_C
CERULEAN_CAVE_BF1_LADDER_W,MAP_D03R0101,7,CERULEAN_CAVE_LADDER_DOWN_W
CERULEAN_CAVE_BF1_LADDER_E,MAP_D03R0101,2,CERULEAN_CAVE_LADDER_DOWN_E
CERULEAN_MART_EXIT,MAP_T04,5,CERULEAN_MART_ENT
CERULEAN_GYM_EXIT,MAP_T04,4,CERULEAN_GYM_ENT
CERULEAN_PC_EXIT,MAP_T04,3,CERULEAN_PC_ENT
CERULEAN_PC_DOWNSTAIRS,MAP_T04PC0102,0,CERULEAN_PC_WIFI_ROOM_EXIT
CERULEAN_HOUSE_1_EXIT,MAP_T04,0,CERULEAN_HOUSE_1_ENT
CERULEAN_HOUSE_2_EXIT,MAP_T04,1,CERULEAN_HOUSE_2_ENT
CERULEAN_HOUSE_3_EXIT,MAP_T04,2,CERULEAN_HOUSE_3_ENT
CERULEAN_HOUSE_4_EXIT,MAP_T04,6,CERULEAN_HOUSE_4_ENT
CERULEAN_CAVE_EXIT,MAP_T04,7,CERULEAN_CAVE_ENT
CERULEAN_CAVE_LADDER_UP_NE,MAP_D03R0102,3,CERULEAN_CAVE_2F_LADDER_NE
CERULEAN_CAVE_LADDER_DOWN_E,MAP_D03R0103,1,CERULEAN_CAVE_BF1_LADDER_E
CERULEAN_CAVE_LADDER_UP_E,MAP_D03R0102,4,CERULEAN_CAVE_2F_LADDER_E
CERULEAN_CAVE_LADDER_UP_C,MAP_D03R0102,5,CERULEAN_CAVE_2F_LADDER_C
CERULEAN_CAVE_LADDER_UP_NW,MAP_D03R0102,0,CERULEAN_CAVE_2F_LADDER_NW
CERULEAN_CAVE_LADDER_DOWN_W,MAP_D03R0103,0,CERULEAN_CAVE_BF1_LADDER_W
CERULEAN_CAVE_LADDER_UP_W,MAP_D03R0102,2,CERULEAN_CAVE_2F_LADDER_W
CERULEAN_CAVE_LADDER_CNW,MAP_D03R0102,1,CERULEAN_CAVE_2F_LADDER_NW_C
AZALEA_GYM_TO_ROOM_1,MAP_T23GYM0101,1,AZALEA_GYM_TO_ROOM_2
AZALEA_HOUSE_2_EXIT,MAP_T23,4,AZALEA_HOUSE_2_ENT
AZALEA_HOUSE_5_EXIT,MAP_T23,6,AZALEA_HOUSE_5_ENT
AZALEA_MART_EXIT,MAP_T23,5,AZALEA_MART_ENT
AZALEA_PC_EXIT,MAP_T23,3,AZALEA_PC_ENT
AZALEA_PC_DOWNSTAIRS,MAP_T23PC0102,0,AZALEA_PC_UPSTAIRS
AZALEA_PC_UPSTAIRS,MAP_T23PC0101,1,AZALEA_PC_DOWNSTAIRS
AZALEA_GYM_EXIT,MAP_T23,2,AZALEA_GYM_ENT
AZALEA_GYM_TO_ROOM_2,MAP_T23GYM0102,0,AZALEA_GYM_TO_ROOM_1
SLOWPOKE_WELL_AZALEA_EXIT,MAP_T23,7,AZALEA_SLOWPOKE_WELL_ENT
SLOWPOKE_WELL_ENT_TO_BF1,MAP_D26R0102,0,SLOWPOKE_WELL_BF1_TO_F1
AZALEA_GYM_ENT,MAP_T23GYM0101,0,AZALEA_GYM_EXIT
AZALEA_PC_ENT,MAP_T23PC0101,0,AZALEA_PC_EXIT
AZALEA_HOUSE_2_ENT,MAP_T23R0201,0,AZALEA_HOUSE_2_EXIT
AZALEA_MART_ENT,MAP_T23FS0101,0,AZALEA_MART_EXIT
AZALEA_HOUSE_5_ENT,MAP_T23R0501,0,AZALEA_HOUSE_5_EXIT
AZALEA_SLOWPOKE_WELL_ENT,MAP_D26R0101,0,SLOWPOKE_WELL_AZALEA_EXIT
SLOWPOKE_WELL_BF1_TO_F1,MAP_D26R0101,1,SLOWPOKE_WELL_ENT_TO_BF1
SLOWPOKE_WELL_BF1_TO_BF2,MAP_D26R0103,0,SLOWPOKE_WELL_BF2_TO_BF1
SLOWPOKE_WELL_BF2_TO_BF1,MAP_D26R0102,1,SLOWPOKE_WELL_BF1_TO_BF2
FRONTIER_GATE_R40,MAP_W40R0101,0,FRONTIER_GATE_INT_R40
FRONTIER_GATE_2_INT_FRONTIER,MAP_D32,10,FRONTIER_GATE_2_FRONTIER
FRONTIER_GATE_2_FRONTIER,MAP_D32R0101,0,FRONTIER_GATE_2_INT_FRONTIER
FRONTIER_GATE_2_INT_ACCESS_L,MAP_D32R0102,2,FRONTIER_GATE_2_ACCESS
FRONTIER_GATE_2_INT_ACCESS_R,MAP_D32R0102,3,FRONTIER_GATE_2_ACCESS
FRONTIER_ACCESS_PC_EXIT,MAP_D32R0102,4,FRONTIER_PC_ENT
FRONTIER_ACCESS_PC_DOWNSTAIRS,MAP_D32PC0102,0,FRONTIER_ACCESS_WIFI_ROOM_EXIT
FRONTIER_ACCESS_WIFI_ROOM_EXIT,MAP_D32PC0101,1,FRONTIER_ACCESS_PC_DOWNSTAIRS
FRONTIER_ACCESS_MART_EXIT,MAP_D32R0102,5,FRONTIER_MART_ENT
FRONTIER_ACCESS_HOUSE_EXIT,MAP_D32R0102,6,FRONTIER_HOUSE_ENT
FRONTIER_GATE_ACCESS,MAP_W40R0101,1,FRONTIER_GATE_INT_FRONTIER
FRONTIER_GATE_2_ACCESS,MAP_D32R0101,4,FRONTIER_GATE_2_INT_ACCESS_L
FRONTIER_PC_ENT,MAP_D32PC0101,0,FRONTIER_ACCESS_PC_EXIT
FRONTIER_MART_ENT,MAP_D32FS0101,0,FRONTIER_ACCESS_MART_EXIT
FRONTIER_HOUSE_ENT,MAP_D32R0103,0,FRONTIER_ACCESS_HOUSE_EXIT
FRONTIER_GATE_INT_R40,MAP_W40,0,FRONTIER_GATE_R40
FRONTIER_GATE_INT_FRONTIER,MAP_D32R0102,0,FRONTIER_GATE_ACCESS
BATTLE_TOWER_EXIT,MAP_D32,0,BATTLE_TOWER_ENT
BATTLE_TOWER_ENT,MAP_D31R0201,0,BATTLE_TOWER_EXIT
BATTLE_FACTORY_ENT,MAP_D32R0301,0,BATTLE_FACTORY_EXIT
BATTLE_HALL_ENT,MAP_D32R0401,0,BATLLE_HALL_EXIT
BATTLE_ARCADE_ENT,MAP_D32R0501,0,BATTLE_ARCADE_EXIT
BATTLE_CASTLE_ENT,MAP_D32R0601,0,BATTLE_CASTLE_EXIT
BATTLE_FACTORY_EXIT,MAP_D32,12,BATTLE_FACTORY_ENT
BATLLE_HALL_EXIT,MAP_D32,13,BATTLE_HALL_ENT
BATTLE_ARCADE_EXIT,MAP_D32,15,BATTLE_ARCADE_ENT
BATTLE_CASTLE_EXIT,MAP_D32,14,BATTLE_CASTLE_ENT
VIRIDIAN_FOREST_GATE_N_R2,MAP_R02R0501,1,VIRIDIAN_FOREST_GATE_N_INT_R2
VIRIDIAN_FOREST_GATE_S_INT_R2,MAP_R02,0,VIRIDIAN_FOREST_GATE_S_R2
VIRIDIAN_FOREST_GATE_S_INT_FOERST,MAP_D46R0101,0,VIRIDIAN_FOREST_GATE_S_FOREST
VIRIDIAN_FOREST_GATE_N_INT_FOREST,MAP_D46R0101,4,VIRIDIAN_FOREST_GATE_N_FOREST
VIRIDIAN_FOREST_GATE_N_INT_R2,MAP_R02R0101,0,VIRIDIAN_FOREST_GATE_N_R2
VIRIDIAN_GYM_EXIT,MAP_T02,0,VIRIDIAN_GYM_ENT
VIRIDIAN_HOUSE_2_EXIT,MAP_T02,1,VIRIDIAN_HOUSE_2_ENT
VIRIDIAN_TRAINER_HOUSE_EXIT,MAP_T02,2,VIRIDIAN_TRAINER_HOUSE_ENT
VIRIDIAN_TRAINER_HOUSE_UPSTAIRS,MAP_T02R0302,0,VIRIDIAN_TRAINER_HOUSE_DOWNSTAIRS
VIRIDIAN_TRAINER_HOUSE_DOWNSTAIRS,MAP_T02R0301,1,VIRIDIAN_TRAINER_HOUSE_UPSTAIRS
VIRIDIAN_MART_EXIT,MAP_T02,3,VIRIDIAN_MART_ENT
VIRIDIAN_PC_EXIT,MAP_T02,4,VIRIDIAN_PC_ENT
VIRIDIAN_PC_DOWNSTAIRS,MAP_T02PC0102,0,VIRIDIAN_PC_WIFI_ROOM_EXIT
VIRIDIAN_PC_WIFI_ROOM_EXIT,MAP_T02PC0101,1,VIRIDIAN_PC_DOWNSTAIRS
VIRIDIAN_FOREST_GATE_S_FOREST,MAP_R02R0401,1,VIRIDIAN_FOREST_GATE_S_INT_FOERST
VIRIDIAN_FOREST_GATE_N_FOREST,MAP_R02R0501,0,VIRIDIAN_FOREST_GATE_N_INT_FOREST
VIRIDIAN_GYM_ENT,MAP_T02GYM0101,0,VIRIDIAN_GYM_EXIT
VIRIDIAN_HOUSE_2_ENT,MAP_T02R0201,0,VIRIDIAN_HOUSE_2_EXIT
VIRIDIAN_TRAINER_HOUSE_ENT,MAP_T02R0301,0,VIRIDIAN_TRAINER_HOUSE_EXIT
VIRIDIAN_MART_ENT,MAP_T02FS0101,0,VIRIDIAN_MART_EXIT
VIRIDIAN_PC_ENT,MAP_T02PC0101,0,VIRIDIAN_PC_EXIT
VIRIDIAN_GATE_CITY,MAP_T02R0401,1,VIRIDIAN_GATE_INT_CITY
VIRIDIAN_GATE_R1,MAP_T02R0401,0,VIRIDIAN_GATE_INT_R1
VIRIDIAN_FOREST_GATE_S_R2,MAP_R02R0401,0,VIRIDIAN_FOREST_GATE_S_INT_R2
VIRIDIAN_GATE_INT_R1,MAP_R01,0,VIRIDIAN_GATE_R1
VIRIDIAN_GATE_INT_CITY,MAP_T02,5,VIRIDIAN_GATE_CITY
ROUTE_28_HOUSE_EXIT,MAP_R28,2,ROUTE_28_HOUSE_ENT
ROUTE_28_HOUSE_ENT,MAP_R28R0101,0,ROUTE_28_HOUSE_EXIT
LEAUGE_GATE_R28_ENT,MAP_R22R0101,3,LEAUGE_GATE_INT_R28
VICTORY_ROAD_EXIT_GATE,MAP_R22R0101,1,LEAUGE_GATE_INT_VICTORY_ROAD
LEAUGE_GATE_INT_VICTORY_ROAD,MAP_D43R0101,0,VICTORY_ROAD_EXIT_GATE
LEAUGE_GATE_INT_R22,MAP_R22,0,LEAUGE_GATE_R22
LEAUGE_GATE_INT_R28,MAP_R28,0,LEAUGE_GATE_R28_ENT
LEAUGE_GATE_R22,MAP_R22R0101,2,LEAUGE_GATE_INT_R22
MT_SILVER_UPPER_OUTSIDE_CAVE_N,MAP_D41R0106,1,MT_SILVER_F2_EXIT_N
MT_SILVER_UPPER_OUTSIDE_CAVE_EN,MAP_D41R0106,2,MT_SILVER_F2_EXIT_EN
MT_SILVER_UPPER_OUTSIDE_CAVE_E,MAP_D41R0106,3,MT_SILVER_F2_EXIT_E
MT_SILVER_UPPER_OUTSIDE_CAVE_ES,MAP_D41R0106,4,MT_SILVER_F2_EXIT_ES
MT_SILVER_UPPER_OUTSIDE_CAVE_SE,MAP_D41R0106,5,MT_SILVER_F2_EXIT_SE
MT_SILVER_UPPER_OUTSIDE_CAVE_SW,MAP_D41R0106,6,MT_SILVER_F2_EXIT_SW
MT_SILVER_UPPER_OUTSIDE_3F_ENT,MAP_D41R0107,0,MT_SILVER_F3_EXIT_S
MT_SILVER_LOWER_OUTSIDE_CAVE_N,MAP_D41R0101,5,MT_SILVER_EXIT_LOWER_EXT_N
MT_SILVER_LOWER_OUTSIDE_CAVE_C,MAP_D41R0101,4,MT_SILVER_EXIT_LOWER_EXT_C
MT_SILVER_LOWER_OUTSIDE_CAVE_S,MAP_D41R0101,3,MT_SILVER_EXIT_LOWER_EXT_S
MT_SILVER_EXPERT_BELT_ROOM_EXIT,MAP_D41R0101,2,MT_SILVER_EXPERT_BELT_ROOM_ENT
MT_SILVER_MOLTRES_CHAMBER_EXIT,MAP_D41R0101,1,MT_SILVER_MOLTRES_CHAMBER_ENT
MT_SILVER_F2_TO_F1_CAVE,MAP_D41R0101,6,MT_SILVER_1F_TO_2F
MT_SILVER_F2_EXIT_N,MAP_D41R0102,0,MT_SILVER_UPPER_OUTSIDE_CAVE_N
MT_SILVER_F2_EXIT_EN,MAP_D41R0102,1,MT_SILVER_UPPER_OUTSIDE_CAVE_EN
MT_SILVER_F2_EXIT_E,MAP_D41R0102,2,MT_SILVER_UPPER_OUTSIDE_CAVE_E
MT_SILVER_F2_EXIT_ES,MAP_D41R0102,3,MT_SILVER_UPPER_OUTSIDE_CAVE_ES
MT_SILVER_F2_EXIT_SE,MAP_D41R0102,4,MT_SILVER_UPPER_OUTSIDE_CAVE_SE
MT_SILVER_F2_EXIT_SW,MAP_D41R0102,5,MT_SILVER_UPPER_OUTSIDE_CAVE_SW
MT_SILVER_F3_EXIT_S,MAP_D41R0102,6,MT_SILVER_UPPER_OUTSIDE_3F_ENT
MT_SILVER_RED_ENT,MAP_D41R0108,0,MT_SILVER_RED_EXIT
MT_SILVER_RED_EXIT,MAP_D41R0107,1,MT_SILVER_RED_ENT
MT_SILVER_PC_EXIT,MAP_T31,1,MT_SILVER_PC_ENT
MT_SILVER_PC_DOWNSTAIRS,MAP_T31PC0102,0,MT_SILVER_WIFI_ROOM_EXIT
MT_SILVER_WIFI_ROOM_EXIT,MAP_T31PC0101,1,MT_SILVER_PC_DOWNSTAIRS
MT_SILVER_BASE_EXIT,MAP_T31,0,MT_SILVER_BASE_ENT
MT_SILVER_MOLTRES_CHAMBER_ENT,MAP_D41R0105,0,MT_SILVER_MOLTRES_CHAMBER_EXIT
MT_SILVER_EXPERT_BELT_ROOM_ENT,MAP_D41R0104,0,MT_SILVER_EXPERT_BELT_ROOM_EXIT
MT_SILVER_EXIT_LOWER_EXT_S,MAP_D41R0103,2,MT_SILVER_LOWER_OUTSIDE_CAVE_S
MT_SILVER_EXIT_LOWER_EXT_C,MAP_D41R0103,1,MT_SILVER_LOWER_OUTSIDE_CAVE_C
MT_SILVER_EXIT_LOWER_EXT_N,MAP_D41R0103,0,MT_SILVER_LOWER_OUTSIDE_CAVE_N
MT_SILVER_1F_TO_2F,MAP_D41R0106,0,MT_SILVER_F2_TO_F1_CAVE
MT_SILVER_BASE_ENT,MAP_D41R0101,0,MT_SILVER_BASE_EXIT
MT_SILVER_PC_ENT,MAP_T31PC0101,0,MT_SILVER_PC_EXIT
CELADON_DEPT_EXIT,MAP_T07,0,CELADON_DEPT_ENT
CELADON_DEPT_F1_STAIRS,MAP_T07R0102,0,CELADON_DEPT_2F_STAIRS_DOWN
CELADON_DEPT_2F_STAIRS_DOWN,MAP_T07R0101,1,CELADON_DEPT_F1_STAIRS
CELADON_DEPT_2F_STAIRS_UP,MAP_T07R0103,0,CELADON_DEPT_3F_STAIRS_DOWN
CELADON_DEPT_3F_STAIRS_DOWN,MAP_T07R0102,1,CELADON_DEPT_2F_STAIRS_UP
CELADON_DEPT_3F_STAIRS_UP,MAP_T07R0104,0,CELADON_DEPT_4F_STAIRS_DOWN
CELADON_DEPT_4F_STAIRS_DOWN,MAP_T07R0103,1,CELADON_DEPT_3F_STAIRS_UP
CELADON_DEPT_4F_STAIRS_UP,MAP_T07R0105,0,CELADON_DEPT_5F_STAIRS_DOWN
CELADON_DEPT_5F_STAIRS_DOWN,MAP_T07R0104,1,CELADON_DEPT_4F_STAIRS_UP
CELADON_DEPT_5F_STAIRS_UP,MAP_T07R0106,0,CELADON_DEPT_6F_STAIRS_DOWN
CELADON_DEPT_6F_STAIRS_DOWN,MAP_T07R0105,1,CELADON_DEPT_5F_STAIRS_UP
CELADON_APT_EXIT,MAP_T07,1,CELADON_APT_ENT
CELADON_APT_1F_STAIRS,MAP_T07R0202,0,CELADON_APT_2F_STAIRS
CELADON_APT_2F_STAIRS,MAP_T07R0201,1,CELADON_APT_1F_STAIRS
CELADON_APT_ROOF_ROOM_ENT,MAP_T07R0205,0,CELADON_APT_ROOF_ROOM_EXIT
CELADON_APT_ROOF_ROOM_EXIT,MAP_T07R0204,0,CELADON_APT_ROOF_ROOM_ENT
CELADON_HOUSE_5_EXIT,MAP_T07,4,CELADON_HOUSE_5_ENT
CELADON_HOUSE_7_EXIT,MAP_T07,6,CELADON_HOUSE_7_ENT
CELADON_PC_EXIT,MAP_T07,2,CELADON_PC_ENT
CELADON_PC_DOWNSTAIRS,MAP_T07PC0102,0,CELADON_PC_WIFI_ROOM_EXIT
CELADON_PC_WIFI_ROOM_EXIT,MAP_T07PC0101,1,CELADON_PC_DOWNSTAIRS
CELADON_GYM_EXIT,MAP_T07,5,CELADON_GYM_ENT
CELADON_DEPT_ENT,MAP_T07R0101,0,CELADON_DEPT_EXIT
CELADON_APT_ENT,MAP_T07R0201,0,CELADON_APT_EXIT
CELADON_PC_ENT,MAP_T07PC0101,0,CELADON_PC_EXIT
CELADON_DEPT_ENT,MAP_T07SP0101,0,CELADON_DEPT_EXIT
CELADON_HOUSE_5_ENT,MAP_T07R0501,0,CELADON_HOUSE_5_EXIT
CELADON_GYM_ENT,MAP_T07GYM0101,0,CELADON_GYM_EXIT
CELADON_HOUSE_7_ENT,MAP_T07R0701,0,CELADON_HOUSE_7_EXIT
VERMILION_PC_EXIT,MAP_T06,1,VERMILION_PC_ENT
VERMLIION_PC_DOWNSTAIRS,MAP_T06PC0102,0,VERMILION_WIFI_ROOM_EXIT
VERMILION_WIFI_ROOM_EXIT,MAP_T06PC0101,1,VERMLIION_PC_DOWNSTAIRS
VERMILION_MART_EXIT,MAP_T06,4,VERMILION_MART_ENT
VERMILION_HOUSE_1_EXIT,MAP_T06,0,VERMILION_HOUSE_1_ENT
VERMILION_HOUSE_3_EXIT,MAP_T06,2,VERMILION_HOUSE_3_ENT
VERMILION_HOUSE_4_EXIT,MAP_T06,3,VERMILION_HOUSE_4_ENT
VERMILION_HOUSE_6_EXIT,MAP_T06,5,VERMILION_HOUSE_6_ENT
VERMILION_GYM_EXIT,MAP_T06,6,VERMILION_GYM_ENT
VERMILION_PORT_EXIT,MAP_T06,7,VERMILION_PORT_ENT
VERMILION_PORT_OUTSIDE_ENT,MAP_P01R0104,0,VERMILION_PORT_OUTSIDE_EXIT
VERMILION_PORT_OUTSIDE_EXIT,MAP_P01R0103,1,VERMILION_PORT_OUTSIDE_ENT
SS_AQUA_VERMILION_ENT,MAP_P01R0301,12,SS_AQUA_EXIT_VERMILION
SS_AQUA_EXIT_VERMILION,MAP_P01R0104,1,SS_AQUA_VERMILION_ENT
VERMILION_HOUSE_1_ENT,MAP_T06R0101,0,VERMILION_HOUSE_1_EXIT
VERMILION_PC_ENT,MAP_T06PC0101,0,VERMILION_PC_EXIT
VERMILION_HOUSE_3_ENT,MAP_T06R0301,0,VERMILION_HOUSE_3_EXIT
VERMILION_HOUSE_4_ENT,MAP_T06R0401,0,VERMILION_HOUSE_4_EXIT
VERMILION_MART_ENT,MAP_T06FS0101,0,VERMILION_MART_EXIT
VERMILION_HOUSE_6_ENT,MAP_T06R0601,0,VERMILION_HOUSE_6_EXIT
VERMILION_GYM_ENT,MAP_T06GYM0101,0,VERMILION_GYM_EXIT
VERMILION_PORT_ENT,MAP_P01R0103,0,VERMILION_PORT_EXIT
ROUTE_3_PC_EXIT,MAP_R03,1,ROUTE_3_PC_ENT
ROUTE_3_PC_DOWNSTAIRS,MAP_R03PC0102,0,ROUTE_3_PC_WIFI_ROOM_EXIT
ROUTE_3_PC_WIFI_ROOM_EXIT,MAP_R03PC0101,1,ROUTE_3_PC_DOWNSTAIRS
ROUTE_3_PC_ENT,MAP_R03PC0101,0,ROUTE_3_PC_EXIT
SS_AQUA_CABIN_5_ENT,MAP_P01R0304,0,SS_AQUA_CABIN_5_EXIT
SS_AQUA_CABIN_6_ENT,MAP_P01R0304,1,SS_AQUA_CABIN_6_EXIT
SS_AQUA_CABIN_7_ENT,MAP_P01R0303,0,SS_AQUA_CABIN_7_EXIT
SS_AQUA_CABIN_8_ENT,MAP_P01R0303,1,SS_AQUA_CABIN_8_EXIT
SS_AQUA_CABIN_1_ENT,MAP_P01R0306,0,SS_AQUA_CABIN_1_EXIT
SS_AQUA_CABIN_2_ENT,MAP_P01R0306,1,SS_AQUA_CABIN_2_EXIT
SS_AQUA_CABIN_3_ENT,MAP_P01R0305,0,SS_AQUA_CABIN_3_EXIT
SS_AQUA_CABIN_4_ENT,MAP_P01R0305,1,SS_AQUA_CABIN_4_EXIT
SS_AQUA_STAIRS_DOWN,MAP_P01R0307,0,SS_AQUA_LOWER_DECK_STAIRS
SS_AQUA_LADDER_DOWN,MAP_P01R0307,1,SS_AQUA_LOWER_DECK_LADDER
SS_AQUA_CAPTAIN_ROOM_ENT,MAP_P01R0302,0,SS_AQUA_CAPTAIN_ROOM_EXIT
SS_AQUA_CAPTAIN_ROOM_EXIT,MAP_P01R0301,11,SS_AQUA_CAPTAIN_ROOM_ENT
SS_AQUA_CABIN_5_EXIT,MAP_P01R0301,1,SS_AQUA_CABIN_5_ENT
SS_AQUA_CABIN_6_EXIT,MAP_P01R0301,2,SS_AQUA_CABIN_6_ENT
SS_AQUA_CABIN_1_EXIT,MAP_P01R0301,5,SS_AQUA_CABIN_1_ENT
SS_AQUA_CABIN_2_EXIT,MAP_P01R0301,6,SS_AQUA_CABIN_2_ENT
SS_AQUA_CABIN_7_EXIT,MAP_P01R0301,3,SS_AQUA_CABIN_7_ENT
SS_AQUA_CABIN_8_EXIT,MAP_P01R0301,4,SS_AQUA_CABIN_8_ENT
SS_AQUA_CABIN_3_EXIT,MAP_P01R0301,7,SS_AQUA_CABIN_3_ENT
SS_AQUA_CABIN_4_EXIT,MAP_P01R0301,8,SS_AQUA_CABIN_4_ENT
SS_AQUA_LOWER_DECK_STAIRS,MAP_P01R0301,9,SS_AQUA_STAIRS_DOWN
SS_AQUA_LOWER_DECK_LADDER,MAP_P01R0301,10,SS_AQUA_LADDER_DOWN
MT_MORTAR_EXIT_R42_W,MAP_R42,2,ROUTE_38_MT_MORTAR_ENT_W
MT_MORTAR_EXIT_R42_S,MAP_R42,3,ROUTE_38_MT_MORTAR_ENT_S
MT_MORTAR_EXIT_R42_N,MAP_R42,4,ROUTE_38_MT_MORTAR_ENT_N
MT_MORTAR_EXIT_R42_E,MAP_R42,5,ROUTE_38_MT_MORTAR_ENT_E
MT_MORTAR_LOWER_CAVE_E,MAP_D38R0102,2,MT_MORTAR_LOWER_EXIT_R
MT_MORTAR_LOWER_CAVE_C,MAP_D38R0102,1,MT_MORTAR_LOWER_EXIT_C
MT_MORTAR_LOWER_CAVE_W,MAP_D38R0102,0,MT_MORTAR_LOWER_EXIT_L
MT_MORTAR_E_LADDER_DOWN,MAP_D38R0102,5,MT_MORTAR_LOWER_LADDER_UP_SE
MT_MORTAR_W_LADDER_DOWN,MAP_D38R0102,3,MT_MORTAR_LOWER_LADDER_UP_SW
MT_MORTAR_BACK_ENT,MAP_D38R0103,0,MT_MORTAR_BACK_EXIT
MT_MORTAR_LADDER_DOWN_S,MAP_D38R0104,0,MT_MORTAR_BF2_LADDER_UP_S
MT_MORTAR_LOWER_EXIT_L,MAP_D38R0101,4,MT_MORTAR_LOWER_CAVE_W
MT_MORTAR_LOWER_EXIT_C,MAP_D38R0101,5,MT_MORTAR_LOWER_CAVE_C
MT_MORTAR_LOWER_EXIT_R,MAP_D38R0101,6,MT_MORTAR_LOWER_CAVE_E
MT_MORTAR_LOWER_LADDER_UP_SW,MAP_D38R0101,7,MT_MORTAR_W_LADDER_DOWN
MT_MORTAR_LOWER_LADDER_UP_SE,MAP_D38R0101,8,MT_MORTAR_E_LADDER_DOWN
MT_MORTAR_LOWER_LADDER_DOWN,MAP_D38R0104,1,MT_MORTAR_BF2_LADDER_UP_N
MT_MORTAR_LOWER_LADDER_UP_NW,MAP_D38R0103,1,MT_MORTAR_BACK_LADDER_DOWN
MT_MORTAR_BACK_EXIT,MAP_D38R0101,9,MT_MORTAR_BACK_ENT
MT_MORTAR_BACK_LADDER_DOWN,MAP_D38R0102,8,MT_MORTAR_LOWER_LADDER_UP_NW
MT_MORTAR_BF2_LADDER_UP_S,MAP_D38R0101,10,MT_MORTAR_LADDER_DOWN_S
MT_MORTAR_BF2_LADDER_UP_N,MAP_D38R0102,7,MT_MORTAR_LOWER_LADDER_DOWN
ROUTE_38_MT_MORTAR_ENT_W,MAP_D38R0101,0,MT_MORTAR_EXIT_R42_W
ROUTE_38_MT_MORTAR_ENT_S,MAP_D38R0101,1,MT_MORTAR_EXIT_R42_S
ROUTE_38_MT_MORTAR_ENT_N,MAP_D38R0101,2,MT_MORTAR_EXIT_R42_N
ROUTE_38_MT_MORTAR_ENT_E,MAP_D38R0101,3,MT_MORTAR_EXIT_R42_E
CLIFF_CAVE_EXIT_2F,MAP_R47,1,CLIFF_ENT_C
CLIFF_CAVE_EXIT_1F,MAP_R47,2,CLIFF_ENT_S
CLIFF_CAVE_EXIT_3F,MAP_R47,3,CLIFF_ENT_N
CLIFF_CAVE_2F_LADDER_UP,MAP_D50R0101,5,CLIFF_CAVE_3F_LADDER
CLIFF_CAVE_3F_LADDER,MAP_D50R0101,3,CLIFF_CAVE_2F_LADDER_UP
CLIFF_CAVE_2F_LADDER_DOWN,MAP_D50R0101,7,CLIFF_CAVE_1F_LADDER
CLIFF_CAVE_1F_LADDER,MAP_D50R0101,6,CLIFF_CAVE_2F_LADDER_DOWN
CLIFF_ENT_E,MAP_D48R0101,1,CLIFF_GATE_INT_R47
CLIFF_ENT_C,MAP_D50R0101,0,CLIFF_CAVE_EXIT_2F
CLIFF_ENT_S,MAP_D50R0101,1,CLIFF_CAVE_EXIT_1F
CLIFF_ENT_N,MAP_D50R0101,2,CLIFF_CAVE_EXIT_3F
CLIFF_GATE_INT_R47,MAP_R47,0,CLIFF_ENT_E
SAFARI_ZONE_EXIT,MAP_D47,0,SAFARI_ZONE_ENTER
SAFARI_ZONE_ENTER,MAP_D47R0101,0,SAFARI_ZONE_EXIT
SAFARI_ZONE_PC_ENTER,MAP_D47PC0101,0,SAFARI_ZONE_PC_EXIT
SAFARI_ZONE_PC_EXIT,MAP_D47,2,SAFARI_ZONE_PC_ENTER
SAFARI_ZONE_PC_DOWNSTAIRS,MAP_D47PC0102,0,SAFARI_ZONE_PC_WIFI_ROOM_EXIT
SAFARI_ZONE_PC_WIFI_ROOM_EXIT,MAP_D47PC0101,1,SAFARI_ZONE_PC_DOWNSTAIRS
VICTORY_ROAD_EXIT_INDIGO_PLATEAU,MAP_T10,0,INDIGO_PLAT_VICTORY_ROAD_ENT
INDIGO_PLAT_VICTORY_ROAD_ENT,MAP_D43R0103,0,VICTORY_ROAD_EXIT_INDIGO_PLATEAU
VICTORY_ROAD_2F_LADDER_DOWN,MAP_D43R0101,1,VICTORY_ROAD_LADDER_1F_TO_2F
VICTORY_ROAD_2F_LADDER_UP_SW,MAP_D43R0103,1,VICTORY_ROAD_3F_LADDER_DOWN_SW
VICTORY_ROAD_2F_LADDER_UP_SE,MAP_D43R0103,2,VICTORY_ROAD_3F_LADDER_DOWN_SE
VICTORY_ROAD_2F_LADDER_UP_NE,MAP_D43R0103,3,VICTORY_ROAD_3F_LADDER_DOWN_NE
VICTORY_ROAD_2F_LADDER_UP_NW,MAP_D43R0103,4,VICTORY_ROAD_3F_LADDER_DOWN_NW
VICTORY_ROAD_3F_LADDER_DOWN_NW,MAP_D43R0102,7,VICTORY_ROAD_2F_LADDER_UP_NW
VICTORY_ROAD_3F_LADDER_DOWN_NE,MAP_D43R0102,5,VICTORY_ROAD_2F_LADDER_UP_NE
VICTORY_ROAD_3F_LADDER_DOWN_SW,MAP_D43R0102,1,VICTORY_ROAD_2F_LADDER_UP_SW
VICTORY_ROAD_3F_LADDER_DOWN_SE,MAP_D43R0102,3,VICTORY_ROAD_2F_LADDER_UP_SE
VICTORY_ROAD_LADDER_1F_TO_2F,MAP_D43R0102,0,VICTORY_ROAD_2F_LADDER_DOWN
INDIGO_PLAT_SUPERSTRUCT_ENT,MAP_T10R0101,0,INDIGO_PLAT_INT_EXIT
INDIGO_PLATEAU_WIFI_ROOM_EXIT,MAP_T10R0101,2,INDIGO_PLAT_TO_WIFI_ROOM
INDIGO_PLAT_INT_EXIT,MAP_T10,1,INDIGO_PLAT_SUPERSTRUCT_ENT
INDIGO_PLAT_TO_WIFI_ROOM,MAP_T10R0801,0,INDIGO_PLATEAU_WIFI_ROOM_EXIT
ROUTE_25_BILLS_HOUSE_ENT,MAP_R25R0101,0,BILLS_HOUSE_EXIT
BILLS_HOUSE_EXIT,MAP_R25,0,ROUTE_25_BILLS_HOUSE_ENT
ROUTE_5_DAYCARE_ENT,MAP_R05R0401,0,ROUTE_5_DAYCARE_EXIT
ROUTE_5_UNDERGROUND_PATH_ENT,MAP_R05R0201,0,ROUTE_5_UNDERGROUND_PATH_EXIT
ROUTE_5_UNDERGROUND_PATH_EXIT,MAP_R05,2,ROUTE_5_UNDERGROUND_PATH_ENT
ROUTE_5_UNDERGROUND_PATH_STAIRS,MAP_R05R0202,1,UNDERGROUND_PATH_NS_R5_STAIRS_UP
ROUTE_6_UNDERGROUND_PATH_EXIT,MAP_R06,2,ROUTE_6_UNDERGROUND_PATH_ENT
ROUTE_6_UNDERGROUND_PATH_STAIRS,MAP_R05R0202,3,UNDERGROUND_PATH_NS_R6_STAIRS_UP
ROUTE_5_DAYCARE_EXIT,MAP_R05,3,ROUTE_5_DAYCARE_ENT
UNDERGROUND_PATH_NS_R5_STAIRS_UP,MAP_R05R0201,2,ROUTE_5_UNDERGROUND_PATH_STAIRS
UNDERGROUND_PATH_NS_R6_STAIRS_UP,MAP_R06R0101,2,ROUTE_6_UNDERGROUND_PATH_STAIRS
ROUTE_6_UNDERGROUND_PATH_ENT,MAP_R06R0101,0,ROUTE_6_UNDERGROUND_PATH_EXIT
ROUTE_12_FISHERMAN_GURU,MAP_R12R0101,0,ROUTE_12_HOUSE_EXIT
ROUTE_12_HOUSE_EXIT,MAP_R12,2,ROUTE_12_FISHERMAN_GURU
ROUTE_2_GATE_S_TOP,MAP_R02R0301,0,ROUTE_2_GATE_INT_N
ROUTE_2_GATE_INT_N,MAP_R02R0101,2,ROUTE_2_GATE_S_TOP
ROUTE_2_GATE_INT_S,MAP_R02,2,ROUTE_2_GATE_S
ROUTE_2_GATE_S,MAP_R02R0301,1,ROUTE_2_GATE_INT_S
ROCK_TUNNEL_BF1_LADDER_W,MAP_D05R0101,2,ROCK_TUNNEL_DOWN_1
ROCK_TUNNEL_BF1_LADDER_SW,MAP_D05R0101,3,ROCK_TUNNEL_DOWN_2
ROCK_TUNNEL_BF1_LADDER_NW,MAP_D05R0101,4,ROCK_TUNNEL_DOWN_3
ROCK_TUNNEL_BF1_LADDER_E,MAP_D05R0101,5,ROCK_TUNNEL_DOWN_4
ROCK_TUNNEL_R10_EXIT_S,MAP_R10R0101,0,ROUTE_10_S_ROCK_TUNNEL_ENT
ROCK_TUNNEL_R10_EXIT_N,MAP_R10,0,ROUTE_10_ROCK_TUNNEL_ENT
ROCK_TUNNEL_DOWN_1,MAP_D05R0102,0,ROCK_TUNNEL_BF1_LADDER_W
ROCK_TUNNEL_DOWN_2,MAP_D05R0102,1,ROCK_TUNNEL_BF1_LADDER_SW
ROCK_TUNNEL_DOWN_3,MAP_D05R0102,2,ROCK_TUNNEL_BF1_LADDER_NW
ROCK_TUNNEL_DOWN_4,MAP_D05R0102,3,ROCK_TUNNEL_BF1_LADDER_E
ROUTE_10_S_ROCK_TUNNEL_ENT,MAP_D05R0101,0,ROCK_TUNNEL_R10_EXIT_S
ROUTE_10_ROCK_TUNNEL_ENT,MAP_D05R0101,1,ROCK_TUNNEL_R10_EXIT_N
ROUTE_10_POWER_PLANT_ENT,MAP_R10R0201,0,POWER_PLANT_EXIT
POWER_PLANT_EXIT,MAP_R10,1,ROUTE_10_POWER_PLANT_ENT
E4_ROOM_EXIT,MAP_T10R0101,1,WILL_ROOM_ENT
WILL_ROOM_ENT,MAP_T10R0201,0,E4_ROOM_EXIT
WILL_ROOM_EXIT,MAP_T10R0301,0,KOGA_ROOM_ENT
KOGA_ROOM_ENT,MAP_T10R0201,1,WILL_ROOM_EXIT
KOGA_ROOM_EXIT,MAP_T10R0401,0,BRUNO_ROOM_ENT
BRUNO_ROOM_ENT,MAP_T10R0301,1,KOGA_ROOM_EXIT
BRUNO_ROOM_EXIT,MAP_T10R0501,0,KAREN_ROOM_ENT
KAREN_ROOM_ENT,MAP_T10R0401,1,BRUNO_ROOM_EXIT
KAREN_ROOM_EXIT,MAP_T10R0601,0,CHAMPION_ROOM_ENT
CHAMPION_ROOM_ENT,MAP_T10R0501,1,KAREN_ROOM_EXIT
ROUTE_10_PC_EXIT,MAP_R10,2,ROUTE_10_PC_ENT
ROUTE_10_PC_DOWNSTAIRS,MAP_R10PC0102,0,ROUTE_10_PC_WIFI_ROOM_EXIT
ROUTE_10_PC_WIFI_ROOM_EXIT,MAP_R10PC0101,1,ROUTE_10_PC_DOWNSTAIRS
ROUTE_10_PC_ENT,MAP_R10PC0101,0,ROUTE_10_PC_EXIT
ROUTE_43_GATE_INT_N,MAP_R43,4,ROUTE_43_GATE_N
ROUTE_43_GATE_INT_S,MAP_R43,2,ROUTE_43_GATE_S
ROUTE_43_GATE_N,MAP_R43R0201,1,ROUTE_43_GATE_INT_N
ROUTE_43_GATE_S,MAP_R43R0201,0,ROUTE_43_GATE_INT_S
ROUTE_32_UNION_CAVE_ENT,MAP_D25R0101,0,UNION_CAVE_R32_EXIT
ROUTE_32_PC_ENT,MAP_R32PC0101,0,R32_PC_EXIT
ROUTE_33_UNION_CAVE_ENT,MAP_D25R0101,2,UNION_CAVE_R33_EXIT
UNION_CAVE_R33_EXIT,MAP_R33,0,ROUTE_33_UNION_CAVE_ENT
UNION_CAVE_R32_EXIT,MAP_R32,2,ROUTE_32_UNION_CAVE_ENT
R32_PC_EXIT,MAP_R32,3,ROUTE_32_PC_ENT
R32_PC_DOWNSTAIRS,MAP_R32PC0102,0,R32_PC_UPSTAIRS
R32_PC_UPSTAIRS,MAP_R32PC0101,1,R32_PC_DOWNSTAIRS
ALPH_GATE_E_INT_R32,MAP_R32,0,ALPH_GATE_E_R32
ALPH_GATE_E_INT_RUINS,MAP_D24R0101,2,ALPH_GATE_E_RUINS
ALPH_GATE_E_RUINS,MAP_R32R0101,1,ALPH_GATE_E_INT_RUINS
ALPH_GATE_E_R32,MAP_R32R0101,0,ALPH_GATE_E_INT_R32
ALPH_GATE_N_RUINS,MAP_R36R0101,1,ALPH_GATE_N_INT_RUINS
ALPH_GATE_N_R36,MAP_R36R0101,0,ALPH_GATE_N_INT_R36
ALPH_GATE_N_INT_RUINS,MAP_D24R0101,0,ALPH_GATE_N_RUINS
ALPH_GATE_N_INT_R36,MAP_R36,2,ALPH_GATE_N_R36
ALPH_PUZZLE_ENT_NE,MAP_D24R0202,0,ALPH_PUZZLE_ROOM_1_EXIT
ALPH_PUZZLE_ENT_SE,MAP_D24R0204,0,ALPH_PUZZLE_ROOM_2_EXIT
ALPH_PUZZLE_ENT_NW,MAP_D24R0208,0,ALPH_PUZZLE_ROOM_3_EXIT
ALPH_PUZZLE_ENT_SW,MAP_D24R0206,0,ALPH_PUZZLE_ROOM_4_EXIT
ALPH_PUZZLE_ROOM_1_EXIT,MAP_D24R0101,4,ALPH_PUZZLE_ENT_NE
ALPH_ESCAPE_ROPE_ROOM_ENT,MAP_D24R0212,0,ALPH_ESCAPE_ROPE_ROOM_EXIT
ALPH_PUZZLE_ROOM_2_EXIT,MAP_D24R0101,5,ALPH_PUZZLE_ENT_SE
ALPH_FLASH_ROOM_ENT,MAP_D24R0213,0,ALPH_FLASH_ROOM_EXIT
ALPH_MAIN_ROOM_LADDER_UP,MAP_D24R0211,1,ALPH_SHARED_A_LADDER
ALPH_PUZZLE_ROOM_3_EXIT,MAP_D24R0101,7,ALPH_PUZZLE_ENT_NW
ALPH_WATER_STONE_ROOM_ENT,MAP_D24R0215,0,ALPH_WATER_STONE_ROOM_EXIT
ALPH_PUZZLE_ROOM_4_EXIT,MAP_D24R0101,6,ALPH_PUZZLE_ENT_SW
ALPH_HO_OH_ROOM_ENT,MAP_D24R0214,0,ALPH_HO_OH_ROOM_EXIT
ALPH_HOUSE_EXIT,MAP_D24R0101,10,ALPH_HOUSE_ENT
ALPH_SHARED_A_EXIT,MAP_D24R0101,8,ALPH_SHARED_A
ALPH_SHARED_A,MAP_D24R0211,0,ALPH_SHARED_A_EXIT
ALPH_HOUSE_ENT,MAP_D24R0102,0,ALPH_HOUSE_EXIT
ALPH_SHARED_A_LADDER,MAP_D24R0205,0,ALPH_MAIN_ROOM_LADDER_UP
ALPH_ESCAPE_ROPE_ROOM_EXIT,MAP_D24R0202,1,ALPH_ESCAPE_ROPE_ROOM_ENT
ALPH_FLASH_ROOM_EXIT,MAP_D24R0204,1,ALPH_FLASH_ROOM_ENT
ALPH_HO_OH_ROOM_EXIT,MAP_D24R0208,1,ALPH_HO_OH_ROOM_ENT
ALPH_WATER_STONE_ROOM_EXIT,MAP_D24R0206,1,ALPH_WATER_STONE_ROOM_ENT
ROUTE_16_GATE_CYCLING_ROAD,MAP_R16R0201,1,ROUTE_16_GATE_INT_CYCLING_ROAD
ROUTE_16_GATE_INT_CYCLING_ROAD,MAP_R16,0,ROUTE_16_GATE_CYCLING_ROAD
ROUTE_16_GATE_INT_R16,MAP_R16R0301,0,CELADON_GATE_W_R16
ROUTE_16_HOUSE_ENT,MAP_R16R0101,0,ROUTE_16_HOUSE_EXIT
ROUTE_16_HOUSE_EXIT,MAP_R16R0301,2,ROUTE_16_HOUSE_ENT
CELADON_GATE_W_R16,MAP_R16R0201,0,ROUTE_16_GATE_INT_R16
CELADON_GAME_CORNER_EXIT,MAP_T07,3,CELADON_GAME_CORNER_ENT
CELADON_GAME_CORNER_ENT,MAP_T07SP0101,0,CELADON_GAME_CORNER_EXIT
MT_MOON_LADDER_DOWN_N,MAP_D02R0101,2,MT_MOON_UP_N
MT_MOON_LADDER_DOWN_S,MAP_D02R0101,3,MT_MOON_UP_S
MT_MOON_EXIT_TO_SQUARE_N,MAP_D02R0104,0,MT_MOON_SQUARE_CAVE_N
MT_MOON_EXIT_TO_SQUARE_S,MAP_D02R0104,1,MT_MOON_SQUARE_CAVE_S
MT_MOON_HOUSE_EXIT,MAP_D02R0104,2,MT_MOON_HOUSE_ENT
MT_MOON_HOUSE_ENT,MAP_D02FS0101,0,MT_MOON_HOUSE_EXIT
MT_MOON_SQUARE_CAVE_N,MAP_D02R0102,1,MT_MOON_EXIT_TO_SQUARE_N
MT_MOON_SQUARE_CAVE_S,MAP_D02R0102,2,MT_MOON_EXIT_TO_SQUARE_S
MT_MOON_EXIT_R3,MAP_R03,0,ROUTE_3_MT_MOON_ENT
MT_MOON_EXIT_R4,MAP_R04,0,ROUTE_4_MT_MOON_ENT
MT_MOON_UP_N,MAP_D02R0102,0,MT_MOON_LADDER_DOWN_N
MT_MOON_UP_S,MAP_D02R0102,3,MT_MOON_LADDER_DOWN_S
ROUTE_3_MT_MOON_ENT,MAP_D02R0101,0,MT_MOON_EXIT_R3
ROUTE_4_MT_MOON_ENT,MAP_D02R0101,1,MT_MOON_EXIT_R4
ROUTE_11_12_GATE_R11,MAP_R11R0101,0,GATE_R11_R12_INT_R11
ROUTE_11_12_GATE_R12,MAP_R11R0101,1,GATE_R11_R12_INT_R12
GATE_R11_R12_INT_R11,MAP_R11,0,ROUTE_11_12_GATE_R11
GATE_R11_R12_INT_R12,MAP_R12,0,ROUTE_11_12_GATE_R12
ROUTE_2_HOUSE_ENT,MAP_R02R0201,0,ROUTE_2_HOUSE_EXIT
ROUTE_2_HOUSE_EXIT,MAP_R02R0101,5,ROUTE_2_HOUSE_ENT
NATIONAL_PARK_GATE_INT_PARK,MAP_D22R0101,2,NATIONAL_PARK_GATE_PARK
NATIONAL_PARK_GATE_INT_R36,MAP_R36,1,NATIONAL_PARK_GATE_R36
NATIONAL_PARK_GATE_R36,MAP_R36R0201,1,NATIONAL_PARK_GATE_INT_R36
NATIONAL_PARK_GATE_PARK,MAP_R36R0201,0,NATIONAL_PARK_GATE_INT_PARK
NATIONAL_PARK_UNUSED_WARP,MAP_D22R0201,0,NATIONAL_PARK_UNUSED_WARP_EXIT
NATIONAL_PARK_UNUSED_WARP_EXIT,MAP_D22R0101,5,NATIONAL_PARK_UNUSED_WARP
NATIONAL_PARK_GATE_S,MAP_R35R0201,1,POKEATHLON_GATE_INT_NAT_PARK
POKEATHLON_GATE_INT_R35,MAP_R35,2,POKEATHLONG_GATE_R35
POKEATHLON_GATE_INT_NAT_PARK,MAP_D22R0101,0,NATIONAL_PARK_GATE_S
POKEATHLON_GATE_INT_DOME,MAP_D49,0,POKEATHLON_OUTSIDE_GATE_ENT
POKEATHLON_OUTSIDE_GATE_ENT,MAP_R35R0201,2,POKEATHLON_GATE_INT_DOME
POKEATHLON_DOME_ENT,MAP_D49R0101,0,POKEATHLON_DOME_EXIT
POKEATHLON_DOME_EXIT,MAP_D49,1,POKEATHLON_DOME_ENT
POKEATHLONG_GATE_R35,MAP_R35R0201,0,POKEATHLON_GATE_INT_R35
POKEATHLON_DOME_RECORDS_ROOM_ENT,MAP_D49R0104,1,POKEATHLON_DOME_RECORDS_ROOM_EXIT
POKEATHLON_DOME_UPSTAIRS,MAP_D49R0103,0,POKEATHLON_DOME_2F_TO_1F
POKEATHLON_DOME_LOOKOUT_EXIT,MAP_D49R0103,1,POKEATHLON_DOME_LOOKOUT_ENT
POKEATHLON_DOME_2F_TO_1F,MAP_D49R0101,2,POKEATHLON_DOME_UPSTAIRS
POKEATHLON_DOME_LOOKOUT_ENT,MAP_D49R0102,0,POKEATHLON_DOME_LOOKOUT_EXIT
POKEATHLON_DOME_TRUST_ROOM_ENT,MAP_D49R0105,1,POKEATHLON_DOME_TRUST_ROOM_EXIT
POKEATHLON_DOME_RECORDS_ROOM_EXIT,MAP_D49R0101,1,POKEATHLON_DOME_RECORDS_ROOM_ENT
POKEATHLON_DOME_TRUST_ROOM_EXIT,MAP_D49R0106,1,POKEATHLON_DOME_TRUST_ROOM_ENT
POKEATHLON_DOME_POTENTIAL_ROOM_ENT,MAP_D49R0104,0,POKEATHLON_DOME_POTENTIAL_ROOM_EXIT
POKEATHLON_DOME_FRIENDSHIP_ROOM_ENT,MAP_D49R0107,0,POKEATHLON_DOME_FRIENDSHIP_ROOM_EXIT
POKEATHLON_DOME_POTENTIAL_ROOM_EXIT,MAP_D49R0105,0,POKEATHLON_DOME_POTENTIAL_ROOM_ENT
POKEATHLON_DOME_FRIENDSHIP_ROOM_EXIT,MAP_D49R0106,0,POKEATHLON_DOME_FRIENDSHIP_ROOM_ENT
UNION_CAVE_1F_TO_BF1_N,MAP_D25R0102,0,UNION_CAVE_BF1_TO_1F_N
UNION_CAVE_1F_TO_BF1_S,MAP_D25R0102,1,UNION_CAVE_BF1_TO_F1_S
UNION_CAVE_BF1_TO_1F_N,MAP_D25R0101,1,UNION_CAVE_1F_TO_BF1_N
UNION_CAVE_BF1_TO_F1_S,MAP_D25R0101,3,UNION_CAVE_1F_TO_BF1_S
ALPH_CAVE_EXIT_N,MAP_D24R0101,16,ALPH_CAVE_ENT_N
ALPH_CAVE_EXIT_S,MAP_D24R0101,15,ALPH_CAVE_ENT_S
ALPH_CAVE_ENT_S,MAP_D25R0101,6,ALPH_CAVE_EXIT_S
ALPH_CAVE_ENT_N,MAP_D25R0101,7,ALPH_CAVE_EXIT_N
ALPH_CAVE_STAIRS_N,MAP_D25R0103,3,UNION_CAVE_ALPH_PATH_N_UP
ALPH_CAVE_STAIRS_S,MAP_D25R0103,4,UNION_CAVE_ALPH_PATH_S_UP
UNION_CAVE_ALPH_PATH_N_UP,MAP_D25R0101,5,ALPH_CAVE_STAIRS_N
UNION_CAVE_ALPH_PATH_N_DOWN,MAP_D25R0102,3,UNION_CAVE_BF1_TO_ALPH_N
UNION_CAVE_ALPH_PATH_S_UP,MAP_D25R0101,4,ALPH_CAVE_STAIRS_S
UNION_CAVE_ALPH_PATH_S_DOWN,MAP_D25R0102,4,UNION_CAVE_BF1_TO_ALPH_S
UNION_CAVE_BF1_TO_BF2,MAP_D25R0103,0,UNION_CAVE_BF2_TO_BF1
UNION_CAVE_BF1_TO_ALPH_N,MAP_D25R0103,1,UNION_CAVE_ALPH_PATH_N_DOWN
UNION_CAVE_BF1_TO_ALPH_S,MAP_D25R0103,2,UNION_CAVE_ALPH_PATH_S_DOWN
UNION_CAVE_BF2_TO_BF1,MAP_D25R0102,2,UNION_CAVE_BF1_TO_BF2
STOP,,,
MT_MOON_UNK,MAP_D02R0102,0,
ALPH_SHARED_B_EXIT,MAP_D24R0101,11,
ALPH_SHARED_B_EXIT,MAP_D24R0216,0,
MT_MOON_UNK_3_0,MAP_D02R0103,0,
MT_MOON_MART_EXIT,MAP_D02R0103,2,
MT_MOON_UNK_3_1,MAP_D02R0103,1,
GOLDENROD_EXIT_HOUSE_11,MAP_T25,6,
ROUTE_34_DAYCARE_ENT,MAP_R34R0101,0,
,MAP_T08R0201,0,
ALPH_SHARED_B,MAP_D24R0211,2,
ALPH_SHARED_C,MAP_D24R0217,0,
149_ UNK,MAP_D25R0102,,
UNK,MAP_D25R0101,,
UNK,MAP_D25R0101,,
R34_DAYCARE_EXIT,MAP_R34,2,
ALPH_MAIN_CHAMBER_B_LADDER,MAP_D24R0211,3,
ALPH_SHARED_ARCEUS_EXIT,MAP_D24R0101,13,
ALPH_SHARED_ARCEUS_LADDER,MAP_D24R0218,0,
ALPH_MAIN_CHAMBER_ARCEUS_LADDER,MAP_D24R0217,1,
