WarpID,MapID,Anchor,Other
ASPERTIA_GATE_CITY,ASPERTIA_GATE,0,ASPERTIA_GATE_INT_CITY
ASPERTIA_PLAYERS_HOUSE_ENT,ASPERTIA_PLAYERS_HOUSE,0,ASPERTIA_PLAYERS_HOUSE_EXIT
ASPERTIA_HOUSE_SW_ENT,ASPERTIA_HOUSE_SW_1F,0,ASPERTIA_HOUSE_SW_EXIT
ASPERTIA_HUGH_HOUSE_ENT,ASPERTIA_HUGH_HOUSE_1F,0,ASPERTIA_HUGH_HOUSE_EXIT
ASPERTIA_TRAINERS_SCHOOL_ENT,ASPERTIA_GYM_TRAINERS_SCHOOL,0,ASPERTIA_TRAINERS_SCHOOL_EXIT
ASPERTIA_PC_ENT,ASPERTIA_PC,0,ASPERTIA_PC_EXIT
ASPERTIA_HOUSE_NE_ENT,ASPERTIA_HOUSE_NE_1F,0,ASPERTIA_HOUSE_NE_EXIT
ASPERTIA_TRAINERS_SCHOOL_EXIT,ASPERTIA_CITY,4,ASPERTIA_TRAINERS_SCHOOL_ENT
ASPERTIA_GYM_COURTYARD_ENT,ASPERTIA_GYM_COURTYARD,0,ASPERTIA_GYM_COURYARD_EXIT
ASPERTIA_GYM_COURYARD_EXIT,ASPERTIA_GYM_TRAINERS_SCHOOL,1,ASPERTIA_GYM_COURTYARD_ENT
ASPERTIA_PC_EXIT,ASPERTIA_CITY,5,ASPERTIA_PC_ENT
ASPERTIA_PLAYERS_HOUSE_EXIT,ASPERTIA_CITY,1,ASPERTIA_PLAYERS_HOUSE_ENT
ASPERTIA_HUGH_HOUSE_EXIT,ASPERTIA_CITY,3,ASPERTIA_HUGH_HOUSE_ENT
ASPERTIA_HUGH_HOUSE_UPSTAIRS,ASPERTIA_HUGH_HOUSE_2F,0,ASPERTIA_HUGH_HOUSE_DOWNSTAIRS
ASPERTIA_HUGH_HOUSE_DOWNSTAIRS,ASPERTIA_HUGH_HOUSE_1F,1,ASPERTIA_HUGH_HOUSE_UPSTAIRS
ASPERTIA_HOUSE_SW_EXIT,ASPERTIA_CITY,2,ASPERTIA_HOUSE_SW_ENT
ASPERTIA_HOUSE_SW_UPSTAIRS,ASPERTIA_HOUSE_SW_2F,0,ASPERTIA_HOUSE_SW_DOWNSTAIRS
ASPERTIA_HOUSE_SW_DOWNSTAIRS,ASPERTIA_HOUSE_SW_1F,1,ASPERTIA_HOUSE_SW_UPSTAIRS
ASPERTIA_HOUSE_NE_EXIT,ASPERTIA_CITY,6,ASPERTIA_HOUSE_NE_ENT
ASPERTIA_HOUSE_NE_UPSTAIRS,ASPERTIA_HOUSE_NE_2F,0,ASPERTIA_HOUSE_NE_DOWNSTAIRS
ASPERTIA_HOUSE_NE_DOWNSTAIRS,ASPERTIA_HOUSE_NE_1F,1,ASPERTIA_HOUSE_NE_UPSTAIRS
ASPERTIA_GATE_INT_CITY,ASPERTIA_CITY,0,ASPERTIA_GATE_CITY
ASPERTIA_GATE_R19,ASPERTIA_GATE,1,ASPERTIA_GATE_INT_R19
ASPERTIA_GATE_INT_R19,ROUTE_19,0,ASPERTIA_GATE_R19
BLACK_CITY_GATE_N_CITY,BLACK_CITY_GATE_N,0,BLACK_CITY_GATE_N_INT_CITY
BLACK_CITY_GATE_W_CITY,BLACK_CITY_GATE_W,1,BLACK_CITY_GATE_W_INT_CITY
BLACK_CITY_PC_ENT,BLACK_CITY_PC,0,BLACK_CITY_PC_EXIT
BLACK_CITY_HOUSE_ENT,BLACK_CITY_HOUSE,0,BLACK_CITY_HOUSE_EXIT
BLACK_CITY_MARKET_ENT,BLACK_CITY_MARKET,0,BLACK_CITY_MARKET_EXIT
BLACK_CITY_BLACK_TOWER_ENT,BLACK_CITY_BLACK_TOWER,0,BLACK_CITY_BLACK_TOWER_EXIT
BLACK_CITY_PC_EXIT,BLACK_CITY,2,BLACK_CITY_PC_ENT
BLACK_CITY_HOUSE_EXIT,BLACK_CITY,3,BLACK_CITY_HOUSE_ENT
BLACK_CITY_MARKET_EXIT,BLACK_CITY,4,BLACK_CITY_MARKET_ENT
BLACK_CITY_BLACK_TOWER_EXIT,BLACK_CITY,5,BLACK_CITY_BLACK_TOWER_ENT
BLACK_CITY_GATE_N_INT_CITY,BLACK_CITY,1,BLACK_CITY_GATE_N_CITY
BLACK_CITY_GATE_W_INT_CITY,BLACK_CITY,0,BLACK_CITY_GATE_W_CITY
STRIATON_PC_ENT,STRIATON_PC,0,STRIATON_PC_EXIT
STRIATON_HOUSE_NE_ENT,STRIATON_HOUSE_NE_1F,0,STRIATON_HOUSE_NE_EXIT
STRIATON_HOUSE_SE_ENT,STRIATON_HOUSE_SE_1F,0,STRIATON_HOUSE_SE_EXIT
STRIATON_HOUSE_W_ENT,STRIATON_HOUSE_W_1F,0,STRIATON_HOUSE_W_EXIT
STRIATON_TRAINERS_SCHOOL_ENT,STRIATON_TRAINERS_SCHOOL,0,STRIATON_TRAINERS_SCHOOL_EXIT
STRIATON_GYM_ENT,STRIATON_GYM,0,STRIATON_GYM_EXIT
DREAMYARD_ENT,DREAMYARD,2,DREAMYARD_EXIT
STRIATON_GYM_EXIT,STRIATON_CITY,5,STRIATON_GYM_ENT
STRIATON_PC_EXIT,STRIATON_CITY,0,STRIATON_PC_ENT
STRIATON_HOUSE_NE_EXIT,STRIATON_CITY,1,STRIATON_HOUSE_NE_ENT
STRIATON_HOUSE_NE_UPSTAIRS,STRIATON_CITY_HOUSE_NE_2F,0,STRIATON_HOUSE_NE_DOWNSTAIRS
STRIATON_HOUSE_NE_DOWNSTAIRS,STRIATON_HOUSE_NE_1F,1,STRIATON_HOUSE_NE_UPSTAIRS
STRIATON_HOUSE_SE_EXIT,STRIATON_CITY,2,STRIATON_HOUSE_SE_ENT
STRIATON_HOUSE_SE_UPSTAIRS,STRIATON_CITY_HOUSE_SE_2F,0,STRIATON_HOUSE_SE_DOWNSTAIRS
STRIATON_HOUSE_SE_DOWNSTAIRS,STRIATON_HOUSE_SE_1F,1,STRIATON_HOUSE_SE_UPSTAIRS
STRIATON_HOUSE_W_EXIT,STRIATON_CITY,3,STRIATON_HOUSE_W_ENT
STRIATON_HOUSE_W_UPSTAIRS,STRIATON_CITY_HOUSE_W_2F,0,STRIATON_HOUSE_W_DOWNSTAIRS
STRIATON_HOUSE_W_DOWNSTAIRS,STRIATON_HOUSE_W_1F,1,STRIATON_HOUSE_W_UPSTAIRS
STRIATON_TRAINERS_SCHOOL_EXIT,STRIATON_CITY,4,STRIATON_TRAINERS_SCHOOL_ENT
DREAMYARD_STAIRS_1,DREAMYARD_UNDERGROUND,0,DREAMYARD_UNDERGROUND_STAIRS_1
DREAMYARD_STAIRS_2,DREAMYARD_UNDERGROUND,1,DREAMYARD_UNDERGROUND_STAIRS_2
DREAMYARD_EXIT,STRIATON_CITY,6,DREAMYARD_ENT
DREAMYARD_STAIRS_3,DREAMYARD_UNDERGROUND,2,DREAMYARD_UNDERGROUND_STAIRS_3
DREAMYARD_UNDERGROUND_STAIRS_1,DREAMYARD,0,DREAMYARD_STAIRS_1
DREAMYARD_UNDERGROUND_STAIRS_2,DREAMYARD,1,DREAMYARD_STAIRS_2
DREAMYARD_UNDERGROUND_STAIRS_3,DREAMYARD,3,DREAMYARD_STAIRS_3
NACRENE_HOUSE_NE_ENT,NACRENE_HOUSE_NE,0,NACRENE_HOUSE_NE_EXIT
NACRENE_HOUSE_SE_ENT,NACRENE_HOUSE_SE,0,NACRENE_HOUSE_SE_EXIT
NACRENE_HOUSE_S_ENT,NACRENE_HOUSE_S,0,NACRENE_HOUSE_S_EXIT
NACRENE_HOUSE_SW_R_ENT,NACRENE_HOUSE_SW_R,0,NACRENE_HOUSE_SW_R_EXIT
NACRENE_HOUSE_SW_L_ENT,NACRENE_HOUSE_SW_L,0,NACRENE_HOUSE_SW_L_EXIT
NACRENE_PC_ENT,NACRENE_PC,0,NACRENE_PC_EXIT
NACRENE_COFFEE_SHOP_ENT,NACRENE_COFFEE_SHOP,0,NACRENE_COFFEE_SHOP_EXIT
NACRENE_HOUSE_SW_R_ENT_TOP,NACRENE_HOUSE_SW_R,1,NACRENE_HOUSE_SW_R_EXIT_TOP
NACRENE_HOUSE_S_ENT_TOP,NACRENE_HOUSE_S,1,NACRENE_HOUSE_S_EXIT_TOP
NACRENE_HOUSE_NE_ENT_TOP,NACRENE_HOUSE_NE,1,NACRENE_HOUSE_NE_EXIT_TOP
NACRENE_GATE_CITY,NACRENE_GATE,1,NACRENE_GATE_INT_CITY
NACRENE_MUSEUM_ENT,NACRENE_MUSEUM,0,NACRENE_MUSEUM_EXIT
NACRENE_MUSEUM_EXIT,NACRENE_CITY,11,NACRENE_MUSEUM_ENT
NACRENE_MUSEUM_BACK_ENT,NACRENE_MUSEUM_BACK,0,NACRENE_MUSEUM_BACK_EXIT
NACRENE_MUSEUM_BACK_EXIT,NACRENE_MUSEUM,1,NACRENE_MUSEUM_BACK_ENT
NACRENE_MUSEUM_LENORAS_ROOM_ENT,NACRENE_MUSEUM_LENORAS_ROOM,0,NACRENE_MUSEUM_LENORAS_ROOM_EXIT
NACRENE_MUSEUM_LENORAS_ROOM_EXIT,NACRENE_MUSEUM_BACK,1,NACRENE_MUSEUM_LENORAS_ROOM_ENT
NACRENE_PC_EXIT,NACRENE_CITY,5,NACRENE_PC_ENT
NACRENE_HOUSE_SE_EXIT,NACRENE_CITY,1,NACRENE_HOUSE_SE_ENT
NACRENE_HOUSE_NE_EXIT,NACRENE_CITY,0,NACRENE_HOUSE_NE_ENT
NACRENE_HOUSE_NE_EXIT_TOP,NACRENE_CITY,9,NACRENE_HOUSE_NE_ENT_TOP
NACRENE_HOUSE_S_EXIT,NACRENE_CITY,2,NACRENE_HOUSE_S_ENT
NACRENE_HOUSE_S_EXIT_TOP,NACRENE_CITY,8,NACRENE_HOUSE_S_ENT_TOP
NACRENE_HOUSE_SW_R_EXIT,NACRENE_CITY,3,NACRENE_HOUSE_SW_R_ENT
NACRENE_HOUSE_SW_R_EXIT_TOP,NACRENE_CITY,7,NACRENE_HOUSE_SW_R_ENT_TOP
NACRENE_HOUSE_SW_L_EXIT,NACRENE_CITY,4,NACRENE_HOUSE_SW_L_ENT
NACRENE_COFFEE_SHOP_EXIT,NACRENE_CITY,6,NACRENE_COFFEE_SHOP_ENT
NACRENE_GATE_INT_CITY,NACRENE_CITY,10,NACRENE_GATE_CITY
LENTIMAS_HOUSE_N_ENT,LENTIMAS_TOWN_HOUSE_N,0,LENTIMAS_HOUSE_N_EXIT
LENTIMAS_PC_ENT,LENTIMAS_TOWN_PC,0,LENTIMAS_PC_EXIT
LENTIMAS_HOUSE_S_ENT,LENTIMAS_TOWN_HOUSE_S,0,LENTIMAS_HOUSE_S_EXIT
LENTIMAS_PC_EXIT,LENTIMAS_TOWN,1,LENTIMAS_PC_ENT
LENTIMAS_HOUSE_N_EXIT,LENTIMAS_TOWN,0,LENTIMAS_HOUSE_N_ENT
LENTIMAS_HOUSE_S_EXIT,LENTIMAS_TOWN,2,LENTIMAS_HOUSE_S_ENT
MISTRALTON_PC_ENT,MISTRALTON_PC,1,MISTRALTON_PC_EXIT
MISTRALTON_HOUSE_E_ENT,MISTRALTON_HOUSE_E,0,MISTRALTON_HOUSE_E_EXIT
MISTRALTON_GYM_ENT,MISTRALTON_GYM,0,MISTRALTON_GYM_EXIT
MISTRALTON_AIRPORT_ENT,MISTRALTON_AIRPORT,1,MISTRALTON_AIRPORT_EXIT
MISTRALTON_HOUSE_N_ENT,MISTRALTON_HOUSE_N,1,MISTRALTON_HOUSE_N_EXIT
MISTRALTON_GYM_EXIT,MISTRALTON_CITY,2,MISTRALTON_GYM_ENT
MISTRALTON_PC_EXIT,MISTRALTON_CITY,0,MISTRALTON_PC_ENT
MISTRALTON_HOUSE_N_EXIT,MISTRALTON_CITY,4,MISTRALTON_HOUSE_N_ENT
MISTRALTON_AIRPORT_EXIT,MISTRALTON_CITY,3,MISTRALTON_AIRPORT_ENT
MISTRALTON_HOUSE_E_EXIT,MISTRALTON_CITY,1,MISTRALTON_HOUSE_E_ENT
VIRBANK_GATE_W_CITY,VIRBANK_GATE_W,1,VIRBANK_GATE_W_INT_CITY
VIRBANK_PC_ENT,VIRBANK_PC,0,VIRBANK_PC_EXIT
VIRBANK_HOUSE_NE_ENT,VIRBANK_HOUSE_NE,0,VIRBANK_HOUSE_NE_EXIT
VIRBANK_HOUSE_SW_ENT,VIRBANK_HOUSE_SW,0,VIRBANK_HOUSE_SW_EXIT
VIRBANK_HOUSE_S_ENT,VIRBANK_HOUSE_S,0,VIRBANK_HOUSE_S_EXIT
VIRBANK_PORT_BUILDING_ENT,VIRBANK_PORT_BUILDING,0,VIRBANK_PORT_BUILDING_EXIT
VIRBANK_GYM_HALLWAY_ENT,VIRBANK_GYM_HALLWAY,1,VIRBANK_GYM_HALLWAY_EXIT
VIRBANK_GATE_N_CITY,VIRBANK_GATE_N,0,VIRBANK_GATE_N_INT_CITY
VIRBANK_GYM_ENT,VIRBANK_GYM,0,VIRBANK_GYM_EXIT
VIRBANK_GYM_HALLWAY_EXIT,VIRBANK_CITY,6,VIRBANK_GYM_HALLWAY_ENT
VIRBANK_GYM_EXIT,VIRBANK_GYM_HALLWAY,0,VIRBANK_GYM_ENT
VIRBANK_PC_EXIT,VIRBANK_CITY,1,VIRBANK_PC_ENT
VIRBANK_HOUSE_NE_EXIT,VIRBANK_CITY,2,VIRBANK_HOUSE_NE_ENT
VIRBANK_HOUSE_SW_EXIT,VIRBANK_CITY,3,VIRBANK_HOUSE_SW_ENT
VIRBANK_HOUSE_S_EXIT,VIRBANK_CITY,4,VIRBANK_HOUSE_S_ENT
VIRBANK_PORT_BUILDING_EXIT,VIRBANK_CITY,5,VIRBANK_PORT_BUILDING_ENT
VIRBANK_GATE_N_INT_CITY,VIRBANK_CITY,7,VIRBANK_GATE_N_CITY
VIRBANK_GATE_W_R20,VIRBANK_GATE_W,0,VIRBANK_GATE_W_INT_R20
ROUTE_20_CAVE_OF_BEING_ENT,CAVE_OF_BEING,0,CAVE_OF_BEING_EXIT
CAVE_OF_BEING_EXIT,MAP_446_UNK,1,ROUTE_20_CAVE_OF_BEING_ENT
VIRBANK_GATE_W_INT_R20,MAP_446_UNK,0,VIRBANK_GATE_W_R20
VIRBANK_GATE_W_INT_CITY,VIRBANK_CITY,0,VIRBANK_GATE_W_CITY
DRIFTVEIL_DRAWBRIDGE_ENT_CITY,DRIFTVEIL_DRAWBRIDGE,0,DRIFTVEIL_DRAWBRIDGE_EXIT_CITY
DRIFTVEIL_HOUSE_NW_ENT,DRIFTVEIL_HOUSE_NW,0,DRIFTVEIL_HOUSE_NW_EXIT
DRIFTVEIL_HOTEL_SW_ENT,DRIFTVEIL_HOTEL_SW,0,DRIFTVEIL_HOTEL_SW_EXIT
DRIFTVEIL_HOUSE_C_ENT,DRIFTVEIL_HOUSE_C,0,DRIFTVEIL_HOUSE_C_EXIT
DRIFTVEIL_PC_ENT,DRIFTVEIL_PC,0,DRIFTVEIL_PC_EXIT
DRIFTVEIL_MARKET_ENT_S,DRIFTVEIL_MARKET,0,DRIFTVEIL_MARKET_EXIT_S
DRIFTVEIL_MARKET_ENT_E,DRIFTVEIL_MARKET,1,DRIFTVEIL_MARKET_EXIT_E
DRIFTVEIL_MARKET_ENT_N,DRIFTVEIL_MARKET,2,DRIFTVEIL_MARKET_EXIT_N
DRIFTVEIL_HOTEL_NE_ENT,DRIFTVEIL_HOTEL_NE,0,DRIFTVEIL_HOTEL_NE_EXIT
DRIFTVEIL_GYM_ENT,DRIFTVEIL_GYM,0,DRIFTVEIL_GYM_EXIT
DRIFTVEIL_PLASMA_HOUSE_ENT,DRIFTVEIL_PLASMA_HOUSE,0,DRIFTVEIL_PLASMA_HOUSE_EXIT
DRIFTVEIL_MARKET_ENT_W,DRIFTVEIL_MARKET,3,DRIFTVEIL_MARKET_EXIT_W
PWT_GATE_CITY,PWT_GATE,0,PWT_GATE_INT_CITY
CLAY_TUNNEL_ENT,CLAY_TUNNEL,0,CLAY_TUNNEL_EXIT_DRIFTVEIL
DRIFTVEIL_GYM_EXIT,DRIFTVEIL_CITY,9,DRIFTVEIL_GYM_ENT
DRIFTVEIL_HOTEL_NE_EXIT,DRIFTVEIL_CITY,8,DRIFTVEIL_HOTEL_NE_ENT
DRIFTVEIL_HOUSE_NW_EXIT,DRIFTVEIL_CITY,1,DRIFTVEIL_HOUSE_NW_ENT
DRIFTVEIL_HOUSE_C_EXIT,DRIFTVEIL_CITY,3,DRIFTVEIL_HOUSE_C_ENT
DRIFTVEIL_HOTEL_SW_EXIT,DRIFTVEIL_CITY,2,DRIFTVEIL_HOTEL_SW_ENT
DRIFTVEIL_PC_EXIT,DRIFTVEIL_CITY,4,DRIFTVEIL_PC_ENT
DRIFTVEIL_PLASMA_HOUSE_EXIT,DRIFTVEIL_CITY,10,DRIFTVEIL_PLASMA_HOUSE_ENT
DRIFTVEIL_MARKET_EXIT_S,DRIFTVEIL_CITY,5,DRIFTVEIL_MARKET_ENT_S
DRIFTVEIL_MARKET_EXIT_E,DRIFTVEIL_CITY,6,DRIFTVEIL_MARKET_ENT_E
DRIFTVEIL_MARKET_EXIT_N,DRIFTVEIL_CITY,7,DRIFTVEIL_MARKET_ENT_N
DRIFTVEIL_MARKET_EXIT_W,DRIFTVEIL_CITY,11,DRIFTVEIL_MARKET_ENT_W
PWT_GATE_INT_CITY,DRIFTVEIL_CITY,12,PWT_GATE_CITY
PWT_GATE_INT_TOURN,PWT_EXTERIOR,2,PWT_GATE_PWT
CLAY_TUNNEL_EXIT_DRIFTVEIL,DRIFTVEIL_CITY,13,CLAY_TUNNEL_ENT
DRIFTVEIL_DRAWBRIDGE_EXIT_CITY,DRIFTVEIL_CITY,0,DRIFTVEIL_DRAWBRIDGE_ENT_CITY
NACRENE_GATE_INT_R3,ROUTE_3,0,NACRENE_GATE_R3
NACRENE_GATE_R3,NACRENE_GATE,0,NACRENE_GATE_INT_R3
ROUTE_3_PRESCHOOL_ENT,ROUTE_3_PRESCHOOL,2,ROUTE_3_PRESCHOOL_EXIT
ROUTE_3_DAYCARE_ENT,ROUTE_3_DAYCARE,2,ROUTE_3_DAYCARE_EXIT
WELLSPRING_CAVE_ENT,WELLSPRING_CAFE_1F,0,WELLSPRING_CAVE_EXIT
ROUTE_3_PRESCHOOL_EXIT,ROUTE_3,1,ROUTE_3_PRESCHOOL_ENT
ROUTE_3_DAYCARE_EXIT,ROUTE_3,2,ROUTE_3_DAYCARE_ENT
WELLSPRING_CAVE_EXIT,ROUTE_3,3,WELLSPRING_CAVE_ENT
WELLSPRING_CAVE_DOWNSTAIRS,WELLSPRING_CAFE_B1F,0,WELLSPRING_CAVE_UPSTAIRS
WELLSPRING_CAVE_UPSTAIRS,WELLSPRING_CAFE_1F,1,WELLSPRING_CAVE_DOWNSTAIRS
FLOCCESY_PC_ENT,FLOCCESY_PC,0,FLOCCESY_PC_EXIT
FLOCCESY_HOUSE_SW_ENT,FLOCCESY_HOUSE_SW,0,FLOCCESY_HOUSE_SW_EXIT
FLOCCESY_HOUSE_SE_ENT,FLOCCESY_HOUSE_SE,0,FLOCCESY_HOUSE_SE_EXIT
FLOCCESY_ALDERS_HOUSE_ENT,FLOCCESY_ALDERS_HOUSE,0,FLOCCESY_ALDERS_HOUSE_EXIT
PLEDGE_GROVE_ENT,PLEDGE_GROVE,0,PLEDGE_GROVE_EXIT
FLOCCESY_PC_EXIT,FLOCCESY_TOWN,0,FLOCCESY_PC_ENT
FLOCCESY_ALDERS_HOUSE_EXIT,FLOCCESY_TOWN,3,FLOCCESY_ALDERS_HOUSE_ENT
FLOCCESY_HOUSE_SW_EXIT,FLOCCESY_TOWN,1,FLOCCESY_HOUSE_SW_ENT
FLOCCESY_HOUSE_SE_EXIT,FLOCCESY_TOWN,2,FLOCCESY_HOUSE_SE_ENT
PLEDGE_GROVE_EXIT,FLOCCESY_TOWN,4,PLEDGE_GROVE_ENT
MISTRALTON_CHARGESTONE_ENT,CHARGESTONE_CAVE_1F,1,CHARGESTONE_EXIT_MISTRALTON
ROUTE_6_CHARGESTONE_ENT,CHARGESTONE_CAVE_1F,0,CHARGESTONE_EXIT_R6
CHARGESTONE_EXIT_R6,ROUTE_6_CHARGESTONE,0,ROUTE_6_CHARGESTONE_ENT
CHARGESTONE_EXIT_MISTRALTON,MISTRALTON_CITY,5,MISTRALTON_CHARGESTONE_ENT
CHARGESTONE_1F_STAIRS_SE,CHARGESTONE_CAVE_B1F,1,CHARGESTONE_B1F_STAIRS_SE
CHARGESTONE_1F_STAIRS_SW,CHARGESTONE_CAVE_B1F,0,CHARGESTONE_B1F_STAIRS_SW
CHARGESTONE_1F_STAIRS_N,CHARGESTONE_CAVE_B1F,2,CHARGESTONE_B1F_STAIRS_N
CHARGESTONE_B1F_STAIRS_SW,CHARGESTONE_CAVE_1F,3,CHARGESTONE_1F_STAIRS_SW
CHARGESTONE_B1F_STAIRS_SE,CHARGESTONE_CAVE_1F,2,CHARGESTONE_1F_STAIRS_SE
CHARGESTONE_B1F_STAIRS_N,CHARGESTONE_CAVE_1F,4,CHARGESTONE_1F_STAIRS_N
CHARGESTONE_B1F_STAIRS_DOWN,CHARGESTONE_CAVE_B2F,0,CHARGESTONE_B2F_STAIRS_UP
CHARGESTONE_B2F_STAIRS_UP,CHARGESTONE_CAVE_B1F,3,CHARGESTONE_B1F_STAIRS_DOWN
ICIRRUS_HOUSE_N_ENT,ICIRRUS_HOUSE_N,1,ICIRRUS_HOUSE_N_EXIT
ICIRRUS_PC_ENT,ICIRRUS_PC,1,ICIRRUS_PC_EXIT
ICIRRUS_HOUSE_E_ENT,ICIRRUS_HOUSE_E,0,ICIRRUS_HOUSE_E_EXIT
ICIRRUS_GYM_ENT,ICIRRUS_GYM,0,ICIRRUS_GYM_EXIT
ICIRRUS_HOUSE_W_ENT,ICIRRUS_HOUSE_W,0,ICIRRUS_HOUSE_W_EXIT
ICIRRUS_EX_PLASMA_HOUSE_ENT,ICIRRUS_EX_PLASMA_HOUSE,1,ICIRRUS_EX_PLASMA_HOUSE_EXIT
ICIRRUS_GYM_EXIT,ICIRRUS_CITY,3,ICIRRUS_GYM_ENT
ICIRRUS_PC_EXIT,ICIRRUS_CITY,1,ICIRRUS_PC_ENT
ICIRRUS_HOUSE_E_EXIT,ICIRRUS_CITY,2,ICIRRUS_HOUSE_E_ENT
ICIRRUS_HOUSE_N_EXIT,ICIRRUS_CITY,0,ICIRRUS_HOUSE_N_ENT
ICIRRUS_EX_PLASMA_HOUSE_EXIT,ICIRRUS_CITY,6,ICIRRUS_EX_PLASMA_HOUSE_ENT
ICIRRUS_HOUSE_W_EXIT,ICIRRUS_CITY,5,ICIRRUS_HOUSE_W_ENT
OPELUCID_GATE_W_CITY,OPELUCID_GATE_W,1,OPELUCID_GATE_W_INT_CITY
OPELUCID_PC_ENT,OPELUCID_PC,0,OPELUCID_PC_EXIT
OPELUCID_GYM_ENT,OPELUCID_GYM,0,OPELUCID_GYM_EXIT
OPELUCID_DRAYDEN_HOUSE_ENT,OPELUCID_DRAYDEN_HOUSE,0,OPELUCID_DRAYDEN_HOUSE_EXIT
OPELUCID_HOUSE_NE_ENT,OPELUCID_HOUSE_NE,0,OPELUCID_HOUSE_NE_EXIT
OPELUCID_HOUSE_SMALL_W_ENT,OPELUCID_HOUSE_SMALL_W,0,OPELUCID_HOUSE_SMALL_W_EXIT
OPELUCID_HOUSE_SMALL_E_ENT,OPELUCID_HOUSE_SMALL_E,0,OPELUCID_HOUSE_SMALL_E_EXIT
OPELUCID_GATE_E_CITY,OPELUCID_GATE_E,0,OPELUCID_GATE_E_INT_CITY
OPELUCID_HOUSE_N_ENT,OPELUCID_HOUSE_N,0,OPELUCID_HOUSE_N_EXIT
OPELUCID_GYM_EXIT,OPELUCID_CITY,2,OPELUCID_GYM_ENT
OPELUCID_PC_EXIT,OPELUCID_CITY,1,OPELUCID_PC_ENT
OPELUCID_DRAYDEN_HOUSE_EXIT,OPELUCID_CITY,3,OPELUCID_DRAYDEN_HOUSE_ENT
OPELUCID_DRAYDEN_HOUSE_UPSTAIRS,OPELUCID_DRAYDEN_HOUSE_2F,0,OPELUCID_DRAYDEN_HOUSE_DOWNSTAIRS
OPELUCID_DRAYDEN_HOUSE_DOWNSTAIRS,OPELUCID_DRAYDEN_HOUSE,1,OPELUCID_DRAYDEN_HOUSE_UPSTAIRS
OPELUCID_HOUSE_NE_EXIT,OPELUCID_CITY,4,OPELUCID_HOUSE_NE_ENT
OPELUCID_HOUSE_NE_UPSTAIRS,OPELUCID_HOUSE_NE_2F,0,OPELUCID_HOUSE_NE_DOWNSTAIRS
OPELUCID_HOUSE_NE_DOWNSTAIRS,OPELUCID_HOUSE_NE,1,OPELUCID_HOUSE_NE_UPSTAIRS
OPELUCID_HOUSE_SMALL_W_EXIT,OPELUCID_CITY,5,OPELUCID_HOUSE_SMALL_W_ENT
OPELUCID_HOUSE_SMALL_W_UPSTAIRS,OPELUCID_HOUSE_SMALL_W_2F,0,OPELUCID_HOUSE_SMALL_W_DOWNSTAIRS
OPELUCID_HOUSE_SMALL_W_DOWNSTAIRS,OPELUCID_HOUSE_SMALL_W,1,OPELUCID_HOUSE_SMALL_W_UPSTAIRS
OPELUCID_HOUSE_SMALL_E_EXIT,OPELUCID_CITY,6,OPELUCID_HOUSE_SMALL_E_ENT
OPELUCID_HOUSE_SMALL_E_UPSTAIRS,OPELUCID_HOUSE_SMALL_E_2F,0,OPELUCID_HOUSE_SMALL_E_DOWNSTAIRS
OPELUCID_HOUSE_SMALL_E_DOWNSTAIRS,OPELUCID_HOUSE_SMALL_E,1,OPELUCID_HOUSE_SMALL_E_UPSTAIRS
OPELUCID_GATE_W_INT_CITY,OPELUCID_CITY,0,OPELUCID_GATE_W_CITY
OPELUCID_GATE_E_INT_CITY,OPELUCID_CITY,7,OPELUCID_GATE_E_CITY
OPELUCID_HOUSE_N_EXIT,OPELUCID_CITY,8,OPELUCID_HOUSE_N_ENT
OPELUCID_HOUSE_N_UPSTAIRS,OPELUCID_HOUSE_N_2F,0,OPELUCID_HOUSE_N_DOWNSTAIRS
OPELUCID_HOUSE_N_DOWNSTAIRS,OPELUCID_HOUSE_N,1,OPELUCID_HOUSE_N_UPSTAIRS
OPELUCID_GATE_W_INT_R9,ROUTE_9,1,OPELUCID_GATE_W_R9
TUBELINE_GATE_S_R8,TUBELINE_BRIDGE_GATE_S,0,TUBELINE_GATE_S_INT_R8
ROUTE_8_MOOR_ENT,MOOR_OF_ICIRRUS,0,MOOR_EXIT
MOOR_EXIT,ROUTE_8,1,ROUTE_8_MOOR_ENT
TUBELINE_GATE_S_INT_R8,ROUTE_8,0,TUBELINE_GATE_S_R8
TUBELINE_GATE_S_INT_BRIDGE,TUBELINE_BRIDGE,0,TUBELINE_GATE_S_BRIDGE
TUBELINE_GATE_N_R9,TUBELINE_BRIDGE_GATE_N,1,TUBELINE_GATE_N_INT_R9
OPELUCID_GATE_W_R9,OPELUCID_GATE_W,0,OPELUCID_GATE_W_INT_R9
SHOPPING_MALL_NINE_ENT,SHOPPING_MALL_NINE,0,SHOPPING_MALL_NINE_EXIT
TUBELINE_GATE_N_INT_BRIDGE,TUBELINE_BRIDGE,1,TUBELINE_GATE_N_BRIDGE
TUBELINE_GATE_N_INT_R9,ROUTE_9,0,TUBELINE_GATE_N_R9
SHOPPING_MALL_NINE_EXIT,ROUTE_9,2,SHOPPING_MALL_NINE_ENT
SHOPPING_MALL_NINE_BACK_ROOM_ENT,SHOPPING_MALL_NINE_BACK_ROOM,0,SHOPPING_MALL_NINE_BACK_ROOM_EXIT
SHOPPING_MALL_NINE_BACK_ROOM_EXIT,SHOPPING_MALL_NINE,1,SHOPPING_MALL_NINE_BACK_ROOM_ENT
TUBELINE_GATE_S_BRIDGE,TUBELINE_BRIDGE_GATE_S,1,TUBELINE_GATE_S_INT_BRIDGE
TUBELINE_GATE_N_BRIDGE,TUBELINE_BRIDGE_GATE_N,0,TUBELINE_GATE_N_INT_BRIDGE
NIMBASA_GATE_W_R5,NIMBASA_GATE_W,1,NIMBASA_GATE_W_INT_R5
DRIFTVEIL_DRAWBRIDGE_ENT_R5,DRIFTVEIL_DRAWBRIDGE,1,DRIFTVEIL_DRAWBRIDGE_EXIT_ROUTE_5
DRIFTVEIL_DRAWBRIDGE_EXIT_ROUTE_5,ROUTE_5,1,DRIFTVEIL_DRAWBRIDGE_ENT_R5
ROUTE_5_TRAILER_ENT,ROUTE_5_TRAILER,0,ROUTE_5_TRAILER_EXIT
ROUTE_5_TRAILER_EXIT,ROUTE_5,2,ROUTE_5_TRAILER_ENT
NIMBASA_GATE_W_INT_R5,ROUTE_5,0,NIMBASA_GATE_W_R5
TWIST_MOUNTAIN_R7_ENT,TWIST_MOUNTAIN_UPPER_CAVE,0,TWIST_MOUNTAIN_R7_EXIT
TWIST_MOUNTAIN_UPPER_CAVE_L_ENT,TWIST_MOUNTAIN_UPPER_CAVE,1,TWIST_MOUNTAIN_UPPER_CAVE_L_EXIT
TWIST_MOUNTAIN_UPPER_CAVE_W_ENT_W,TWIST_MOUNTAIN_UPPER_CAVE,2,TWIST_MOUNTAIN_UPPER_CAVE_W_EXIT_W
TWIST_MOUNTAIN_UPPER_CAVE_W_ENT_C,TWIST_MOUNTAIN_UPPER_CAVE,3,TWIST_MOUNTAIN_UPPER_CAVE_W_EXIT_C
TWIST_MOUNTAIN_UPPER_CAVE_W_ENT_E,TWIST_MOUNTAIN_UPPER_CAVE,4,TWIST_MOUNTAIN_UPPER_CAVE_W_EXIT_E
TWIST_MOUNTAIN_UPPER_CAVE_PSI_ENT,TWIST_MOUNTAIN_UPPER_CAVE,5,TWIST_MOUNTAIN_UPPER_CAVE_PSI_EXIT
TWIST_MOUNTAIN_MIDDLE_CAVE_Y_ENT,TWIST_MOUNTAIN_MIDDLE_CAVE,0,TWIST_MOUNTAIN_MIDDLE_CAVE_Y_EXIT
TWIST_MOUNTAIN_MIDDLE_CAVE_II_ENT_S,TWIST_MOUNTAIN_MIDDLE_CAVE,1,TWIST_MOUNTAIN_MIDDLE_CAVE_II_EXIT_S
TWIST_MOUNTAIN_MIDDLE_CAVE_II_ENT_N,TWIST_MOUNTAIN_MIDDLE_CAVE,2,TWIST_MOUNTAIN_MIDDLE_CAVE_II_EXIT_N
TWIST_MOUNTAIN_MIDDLE_CAVE_LARGE_ENT_W,TWIST_MOUNTAIN_MIDDLE_CAVE,3,TWIST_MOUNTAIN_MIDDLE_CAVE_LARGE_EXIT_W
TWIST_MOUNTAIN_LOWER_CAVE_T_ENT,TWIST_MOUNTAIN_LOWER_CAVES,1,TWIST_MOUNTAIN_LOWER_CAVE_T_EXIT
TWIST_MOUNTAIN_LOWER_CAVE_F_ENT,TWIST_MOUNTAIN_LOWER_CAVES,2,TWIST_MOUNTAIN_LOWER_CAVE_F_EXIT
TWIST_MOUNTAIN_LOWER_CAVE_Q_ENT,TWIST_MOUNTAIN_LOWER_CAVES,0,TWIST_MOUNTAIN_LOWER_CAVE_Q_EXIT
TWIST_MOUNTAIN_LOWER_CAVE_SMALL_ENT,TWIST_MOUNTAIN_LOWER_CAVES,7,TWIST_MOUNTAIN_LOWER_CAVE_SMALL_EXIT
TWIST_MOUNTAIN_MIDDLE_CAVE_LARGE_ENT_C,TWIST_MOUNTAIN_MIDDLE_CAVE,8,TWIST_MOUNTAIN_MIDDLE_CAVE_LARGE_EXIT_C
TWIST_MOUNTAIN_MIDDLE_CAVE_LARGE_ENT_E,TWIST_MOUNTAIN_MIDDLE_CAVE,9,TWIST_MOUNTAIN_MIDDLE_CAVE_LARGE_EXIT_E
TWIST_MOUNTAIN_UPPER_CAVE_Q_ENT,TWIST_MOUNTAIN_UPPER_CAVE,8,TWIST_MOUNTAIN_UPPER_CAVE_Q_EXIT
TWIST_MOUNTAIN_HOUSE_ENT,TWIST_MOUNTAIN_HOUSE,0,TWIST_MOUNTAIN_HOUSE_EXIT
TWIST_MOUNTAIN_R7_EXIT,TWIST_MOUNTAIN_ENTRANCE,0,TWIST_MOUNTAIN_R7_ENT
TWIST_MOUNTAIN_UPPER_CAVE_L_EXIT,TWIST_MOUNTAIN_OUTSIDE,0,TWIST_MOUNTAIN_UPPER_CAVE_L_ENT
TWIST_MOUNTAIN_UPPER_CAVE_W_EXIT_W,TWIST_MOUNTAIN_OUTSIDE,1,TWIST_MOUNTAIN_UPPER_CAVE_W_ENT_W
TWIST_MOUNTAIN_UPPER_CAVE_W_EXIT_C,TWIST_MOUNTAIN_OUTSIDE,2,TWIST_MOUNTAIN_UPPER_CAVE_W_ENT_C
TWIST_MOUNTAIN_UPPER_CAVE_W_EXIT_E,TWIST_MOUNTAIN_OUTSIDE,3,TWIST_MOUNTAIN_UPPER_CAVE_W_ENT_E
TWIST_MOUNTAIN_UPPER_CAVE_PSI_EXIT,TWIST_MOUNTAIN_OUTSIDE,4,TWIST_MOUNTAIN_UPPER_CAVE_PSI_ENT
TWIST_MOUNTAIN_UPPER_TO_MIDDLE_PSI,TWIST_MOUNTAIN_MIDDLE_CAVE,5,TWIST_MOUNTAIN_MIDDLE_TO_UPPER_PSI
TWIST_MOUNTAIN_UPPER_TO_MIDDLE_Q,TWIST_MOUNTAIN_MIDDLE_CAVE,6,TWIST_MOUNTAIN_MIDDLE_TO_UPPER_Q
TWIST_MOUNTAIN_UPPER_CAVE_Q_EXIT,TWIST_MOUNTAIN_OUTSIDE,15,TWIST_MOUNTAIN_UPPER_CAVE_Q_ENT
TWIST_MOUNTAIN_MIDDLE_CAVE_Y_EXIT,TWIST_MOUNTAIN_OUTSIDE,5,TWIST_MOUNTAIN_MIDDLE_CAVE_Y_ENT
TWIST_MOUNTAIN_MIDDLE_CAVE_II_EXIT_S,TWIST_MOUNTAIN_OUTSIDE,6,TWIST_MOUNTAIN_MIDDLE_CAVE_II_ENT_S
TWIST_MOUNTAIN_MIDDLE_CAVE_II_EXIT_N,TWIST_MOUNTAIN_OUTSIDE,7,TWIST_MOUNTAIN_MIDDLE_CAVE_II_ENT_N
TWIST_MOUNTAIN_MIDDLE_CAVE_LARGE_EXIT_W,TWIST_MOUNTAIN_OUTSIDE,8,TWIST_MOUNTAIN_MIDDLE_CAVE_LARGE_ENT_W
TWIST_MOUNTAIN_MIDDLE_CAVE_TO_LOWER_CAVE_W,TWIST_MOUNTAIN_LOWER_CAVES,4,TWIST_MOUNTAIN_LOWER_CAVE_TO_MIDDLE_CAVE_W
TWIST_MOUNTAIN_MIDDLE_TO_UPPER_PSI,TWIST_MOUNTAIN_UPPER_CAVE,6,TWIST_MOUNTAIN_UPPER_TO_MIDDLE_PSI
TWIST_MOUNTAIN_MIDDLE_TO_UPPER_Q,TWIST_MOUNTAIN_UPPER_CAVE,7,TWIST_MOUNTAIN_UPPER_TO_MIDDLE_Q
TWIST_MOUNTAIN_MIDDLE_CAVE_TO_LOWER_CAVE_E,TWIST_MOUNTAIN_LOWER_CAVES,6,TWIST_MOUNTAIN_LOWER_CAVE_TO_MIDDLE_CAVE_E
TWIST_MOUNTAIN_MIDDLE_CAVE_LARGE_EXIT_C,TWIST_MOUNTAIN_OUTSIDE,13,TWIST_MOUNTAIN_MIDDLE_CAVE_LARGE_ENT_C
TWIST_MOUNTAIN_MIDDLE_CAVE_LARGE_EXIT_E,TWIST_MOUNTAIN_OUTSIDE,14,TWIST_MOUNTAIN_MIDDLE_CAVE_LARGE_ENT_E
TWIST_MOUNTAIN_LOWER_CAVE_Q_EXIT,TWIST_MOUNTAIN_OUTSIDE,11,TWIST_MOUNTAIN_LOWER_CAVE_Q_ENT
TWIST_MOUNTAIN_LOWER_CAVE_T_EXIT,TWIST_MOUNTAIN_OUTSIDE,9,TWIST_MOUNTAIN_LOWER_CAVE_T_ENT
TWIST_MOUNTAIN_LOWER_CAVE_F_EXIT,TWIST_MOUNTAIN_OUTSIDE,10,TWIST_MOUNTAIN_LOWER_CAVE_F_ENT
TWIST_MOUNTAIN_EXIT_ICIRRUS,ICIRRUS_CITY,4,ICIRRUS_TWIST_MOUNTAIN_ENT
TWIST_MOUNTAIN_LOWER_CAVE_TO_MIDDLE_CAVE_W,TWIST_MOUNTAIN_MIDDLE_CAVE,4,TWIST_MOUNTAIN_MIDDLE_CAVE_TO_LOWER_CAVE_W
TWIST_MOUNTAIN_ICE_CAVE_ENT,TWIST_MOUNTAIN_ICE_ROCK_CAVE,0,TWIST_MOUNTAIN_ICE_CAVE_EXIT
TWIST_MOUNTAIN_LOWER_CAVE_TO_MIDDLE_CAVE_E,TWIST_MOUNTAIN_MIDDLE_CAVE,7,TWIST_MOUNTAIN_MIDDLE_CAVE_TO_LOWER_CAVE_E
TWIST_MOUNTAIN_LOWER_CAVE_SMALL_EXIT,TWIST_MOUNTAIN_OUTSIDE,12,TWIST_MOUNTAIN_LOWER_CAVE_SMALL_ENT
TWIST_MOUNTAIN_ICE_CAVE_EXIT,TWIST_MOUNTAIN_LOWER_CAVES,5,TWIST_MOUNTAIN_ICE_CAVE_ENT
TWIST_MOUNTAIN_REGIGIGAS_ROOM_ENT,TWIST_MOUNTAIN_REGIGIGAS_ROOM,0,TWIST_MOUNTAIN_REGIGIGAS_ROOM_EXIT
TWIST_MOUNTAIN_REGIGIGAS_ROOM_EXIT,TWIST_MOUNTAIN_ICE_ROCK_CAVE,2,TWIST_MOUNTAIN_REGIGIGAS_ROOM_ENT
TWIST_MOUNTAIN_HOUSE_EXIT,TWIST_MOUNTAIN_OUTSIDE,16,TWIST_MOUNTAIN_HOUSE_ENT
ICIRRUS_TWIST_MOUNTAIN_ENT,TWIST_MOUNTAIN_LOWER_CAVES,3,TWIST_MOUNTAIN_EXIT_ICIRRUS
VILLAGE_BRIDGE_GATE_W_BRIDGE,VILLAGE_BRIDGE_GATE_W,1,VILLAGE_BRIDGE_GATE_W_INT_BRIDGE
VILLAGE_BRIDGE_GATE_E_BRIDGE,VILLAGE_BRIDGE_GATE_E,0,VILLAGE_BRIDGE_GATE_E_INT_BRIDGE
VILLAGE_BRIDGE_HOUSE_2_ENT,MAP_256_UNK,0,VILLAGE_BRIDGE_HOUSE_2_EXIT
VILLAGE_BRIDGE_HOUSE_3_ENT,MAP_258_UNK,0,VILLAGE_BRIDGE_HOUSE_3_EXIT
VILLAGE_BRIDGE_HOUSE_4_ENT,MAP_259_UNK,0,VILLAGE_BRIDGE_HOUSE_4_EXIT
VILLAGE_BRIDGE_HOUSE_5_ENT,MAP_261_UNK,0,VILLAGE_BRIDGE_HOUSE_5_EXIT
VILLAGE_BRIDGE_HOUSE_6_ENT,MAP_260_UNK,0,VILLAGE_BRIDGE_HOUSE_6_EXIT
VILLAGE_BRIDGE_HOUSE_7_ENT,MAP_257_UNK,0,VILLAGE_BRIDGE_HOUSE_7_EXIT
VILLAGE_BRIDGE_HOUSE_8_ENT,MAP_605_UNK,0,VILLAGE_BRIDGE_HOUSE_8_EXIT
VILLAGE_BRIDGE_HOUSE_2_EXIT,VILLAGE_BRIDGE,2,VILLAGE_BRIDGE_HOUSE_2_ENT
VILLAGE_BRIDGE_HOUSE_7_EXIT,VILLAGE_BRIDGE,7,VILLAGE_BRIDGE_HOUSE_7_ENT
VILLAGE_BRIDGE_HOUSE_3_EXIT,VILLAGE_BRIDGE,3,VILLAGE_BRIDGE_HOUSE_3_ENT
VILLAGE_BRIDGE_HOUSE_4_EXIT,VILLAGE_BRIDGE,4,VILLAGE_BRIDGE_HOUSE_4_ENT
VILLAGE_BRIDGE_HOUSE_6_EXIT,VILLAGE_BRIDGE,6,VILLAGE_BRIDGE_HOUSE_6_ENT
VILLAGE_BRIDGE_HOUSE_5_EXIT,VILLAGE_BRIDGE,5,VILLAGE_BRIDGE_HOUSE_5_ENT
VILLAGE_BRIDGE_HOUSE_8_EXIT,VILLAGE_BRIDGE,8,VILLAGE_BRIDGE_HOUSE_8_ENT
VILLAGE_BRIDGE_GATE_E_INT_BRIDGE,VILLAGE_BRIDGE,1,VILLAGE_BRIDGE_GATE_E_BRIDGE
VILLAGE_BRIDGE_GATE_E_INT_R12,ROUTE_12,0,VILLAGE_BRIDGE_GATE_E_R12
VILLAGE_BRIDGE_GATE_W_R11,VILLAGE_BRIDGE_GATE_W,0,VILLAGE_BRIDGE_GATE_W_INT_R11
OPELUCID_GATE_E_R11,OPELUCID_GATE_E,1,OPELUCID_GATE_E_INT_R11
OPELUCID_GATE_E_INT_R11,ROUTE_11,1,OPELUCID_GATE_E_R11
ROUTE_11_TRAILER_ENT,ROUTE_11_TRAILER,0,ROUTE_11_TRAILER_EXIT
VILLAGE_BRIDGE_GATE_W_INT_R11,ROUTE_11,0,VILLAGE_BRIDGE_GATE_W_R11
VILLAGE_BRIDGE_GATE_W_INT_BRIDGE,VILLAGE_BRIDGE,0,VILLAGE_BRIDGE_GATE_W_BRIDGE
ROUTE_11_TRAILER_EXIT,ROUTE_11,2,ROUTE_11_TRAILER_ENT
VILLAGE_BRIDGE_GATE_E_R12,VILLAGE_BRIDGE_GATE_E,1,VILLAGE_BRIDGE_GATE_E_INT_R12
ROUTE_6_SEASON_RESEARCH_ENT,SEASON_RESEARCH_HOUSE,0,ROUTE_6_SEASON_RESEARCH_EXIT
ROUTE_6_MISTRALTON_CAVE_ENT,MISTRALTON_CAVE_1F,0,MISTRALTON_CAVE_EXIT
ROUTE_6_HOUSE_ENT,ROUTE_6_HOUSE,0,ROUTE_6_HOUSE_EXIT
ROUTE_6_SEASON_RESEARCH_EXIT,ROUTE_6,0,ROUTE_6_SEASON_RESEARCH_ENT
MISTRALTON_CAVE_EXIT,ROUTE_6,1,ROUTE_6_MISTRALTON_CAVE_ENT
MISTRALTON_CAVE_1F_TO_2F,MISTRALTON_CAVE_2F,0,MISTRALTON_CAVE_2F_TO_1F
MISTRALTON_CAVE_2F_TO_1F,MISTRALTON_CAVE_1F,1,MISTRALTON_CAVE_1F_TO_2F
MISTRALTON_CAVE_2F_TO_3F,MISTRALTON_CAVE_3F,0,MISTRALTON_CAVE_3F_TO_2F
MISTRALTON_CAVE_3F_TO_2F,MISTRALTON_CAVE_2F,1,MISTRALTON_CAVE_2F_TO_3F
ROUTE_6_HOUSE_EXIT,ROUTE_6,2,ROUTE_6_HOUSE_ENT
CELESTIAL_TOWER_ENT,CELESTIAL_TOWER_1F,0,CELESTIAL_TOWER_EXIT
ROUTE_7_HOUSE_N_ENT,ROUTE_7_HOUSE_N,0,ROUTE_7_HOUSE_N_EXIT
ROUTE_7_HOUSE_W_ENT,ROUTE_7_HOUSE_W,0,ROUTE_7_HOUSE_W_EXIT
CELESTIAL_TOWER_EXIT,ROUTE_7,0,CELESTIAL_TOWER_ENT
CELESTIAL_TOWER_1F_UPSTAIRS,CELESTIAL_TOWER_2F,0,CELESTIAL_TOWER_2F_DOWNSTAIRS
CELESTIAL_TOWER_2F_DOWNSTAIRS,CELESTIAL_TOWER_1F,1,CELESTIAL_TOWER_1F_UPSTAIRS
CELESTIAL_TOWER_2F_UPSTAIRS,CELESTIAL_TOWER_3F,0,CELESTIAL_TOWER_3F_DOWNSTAIRS
CELESTIAL_TOWER_3F_DOWNSTAIRS,CELESTIAL_TOWER_2F,1,CELESTIAL_TOWER_2F_UPSTAIRS
CELESTIAL_TOWER_3F_UPSTAIRS,CELESTIAL_TOWER_4F,0,CELESTIAL_TOWER_4F_DOWNSTAIRS
CELESTIAL_TOWER_4F_DOWNSTAIRS,CELESTIAL_TOWER_3F,1,CELESTIAL_TOWER_3F_UPSTAIRS
CELESTIAL_TOWER_4F_UPSTAIRS,CELESTIAL_TOWER_ROOF,0,CELESTIAL_TOWER_ROOF_EXIT
CELESTIAL_TOWER_ROOF_EXIT,CELESTIAL_TOWER_4F,1,CELESTIAL_TOWER_4F_UPSTAIRS
ROUTE_7_HOUSE_N_EXIT,ROUTE_7,1,ROUTE_7_HOUSE_N_ENT
ROUTE_7_HOUSE_W_EXIT,ROUTE_7,2,ROUTE_7_HOUSE_W_ENT
LACUNOSA_PC_ENT,LACUNOSA_PC,0,LACUNOSA_PC_EXIT
LACUNOSA_HOUSE_SW_ENT,LACUNOSA_HOUSE_SW,0,LACUNOSA_HOUSE_SW_EXIT
LACUNOSA_HOUSE_BIG_ENT,LACUNOSA_HOUSE_BIG,0,LACUNOSA_HOUSE_BIG_EXIT
LACUNOSA_HOUSE_N_ENT,LACUNOSA_HOUSE_N,0,LACUNOSA_HOUSE_N_EXIT
LACUNOSA_HOUSE_NE_ENT,LACUNOSA_HOUSE_NE,0,LACUNOSA_HOUSE_NE_EXIT
LACUNOSA_PC_EXIT,LACUNOSA_TOWN,0,LACUNOSA_PC_ENT
LACUNOSA_HOUSE_SW_EXIT,LACUNOSA_TOWN,1,LACUNOSA_HOUSE_SW_ENT
LACUNOSA_HOUSE_BIG_EXIT,LACUNOSA_TOWN,2,LACUNOSA_HOUSE_BIG_ENT
LACUNOSA_HOUSE_N_EXIT,LACUNOSA_TOWN,3,LACUNOSA_HOUSE_N_ENT
LACUNOSA_HOUSE_NE_EXIT,LACUNOSA_TOWN,4,LACUNOSA_HOUSE_NE_ENT
ROUTE_13_HOUSE_NW_ENT,ROUTE_13_HOUSE_NW,0,ROUTE_13_HOUSE_NW_EXIT
UNDELLA_TOWN_GATE_N_R13,UNDELLA_GATE_N,0,UNDELLA_TOWN_GATE_N_INT_R13
ROUTE_13_HOUSE_C_ENT,ROUTE_13_HOUSE_C,0,ROUTE_13_HOUSE_C_EXIT
ROUTE_13_HOUSE_NW_EXIT,ROUTE_13,0,ROUTE_13_HOUSE_NW_ENT
UNDELLA_TOWN_GATE_N_INT_R13,ROUTE_13,1,UNDELLA_TOWN_GATE_N_R13
ROUTE_13_HOUSE_C_EXIT,ROUTE_13,2,ROUTE_13_HOUSE_C_ENT
NUVEMA_HOUSE_C_ENT,NUVEMA_HOUSE_C,0,NUVEMA_HOUSE_C_EXIT
NUVEMA_HOUSE_SW_ENT,NUVEMA_HOUSE_SW,0,NUVEMA_HOUSE_SW_EXIT
NUVEMA_HOUSE_SE_ENT,NUVEMA_HOUSE_SE,0,NUVEMA_HOUSE_SE_EXIT
NUVEMA_LAB_ENT,NUVEMA_LAB,0,NUVEMA_LAB_EXIT
NUVEMA_HOUSE_C_EXIT,NUVEMA_TOWN,0,NUVEMA_HOUSE_C_ENT
NUVEMA_HOUSE_C_UPSTAIRS,NUVEMA_HOUSE_C_2F,0,NUVEMA_HOUSE_C_DOWNSTAIRS
NUVEMA_HOUSE_C_DOWNSTAIRS,NUVEMA_HOUSE_C,1,NUVEMA_HOUSE_C_UPSTAIRS
NUVEMA_HOUSE_SW_EXIT,NUVEMA_TOWN,1,NUVEMA_HOUSE_SW_ENT
NUVEMA_HOUSE_SW_UPSTAIRS,NUVEMA_HOUSE_SW_2F,0,NUVEMA_HOUSE_SW_DOWNSTAIRS
NUVEMA_HOUSE_SW_DOWNSTAIRS,NUVEMA_HOUSE_SW,1,NUVEMA_HOUSE_SW_UPSTAIRS
NUVEMA_HOUSE_SE_EXIT,NUVEMA_TOWN,2,NUVEMA_HOUSE_SE_ENT
NUVEMA_HOUSE_SE_UPSTAIRS,NUVEMA_HOUSE_SE_2F,0,NUVEMA_HOUSE_SE_DOWNSTAIRS
NUVEMA_HOUSE_SE_DOWNSTAIRS,NUVEMA_HOUSE_SE,1,NUVEMA_HOUSE_SE_UPSTAIRS
NUVEMA_LAB_EXIT,NUVEMA_TOWN,3,NUVEMA_LAB_ENT
ACCUMULA_GATE_R2,ACCUMULA_GATE,1,ACCUMULA_GATE_INT_R2
ACCUMULA_GATE_INT_TOWN,ACCUMULA_TOWN,5,ACCUMULA_GATE_TOWN
ACCUMULA_GATE_INT_R2,ROUTE_2,0,ACCUMULA_GATE_R2
ACCUMULA_PC_ENT,ACCUMULA_PC,0,ACCUMULA_PC_EXIT
ACCUMULA_HOUSE_S_ENT,ACCUMULA_HOUSE_S,0,ACCUMULA_HOUSE_S_EXIT
ACCUMULA_HOUSE_NW_ENT,ACCUMULA_HOUSE_NW,0,ACCUMULA_HOUSE_NW_EXIT
ACCUMULA_HOUSE_NE_ENT,ACCUMULA_HOUSE_NE,0,ACCUMULA_HOUSE_NE_EXIT
ACCUMULA_HOUSE_SMALL_ENT,ACCUMULA_HOUSE_SMALL,0,ACCUMULA_HOUSE_SMALL_EXIT
ACCUMULA_GATE_TOWN,ACCUMULA_GATE,0,ACCUMULA_GATE_INT_TOWN
ACCUMULA_PC_EXIT,ACCUMULA_TOWN,0,ACCUMULA_PC_ENT
ACCUMULA_HOUSE_S_EXIT,ACCUMULA_TOWN,1,ACCUMULA_HOUSE_S_ENT
ACCUMULA_HOUSE_S_UPSTAIRS,ACCUMULA_HOUSE_S_2F,0,ACCUMULA_HOUSE_S_DOWNSTAIRS
ACCUMULA_HOUSE_S_DOWNSTAIRS,ACCUMULA_HOUSE_S,1,ACCUMULA_HOUSE_S_UPSTAIRS
ACCUMULA_HOUSE_NW_EXIT,ACCUMULA_TOWN,2,ACCUMULA_HOUSE_NW_ENT
ACCUMULA_HOUSE_NW_UPSTAIRS,ACCUMULA_HOUSE_NW_2F,0,ACCUMULA_HOUSE_NW_DOWNSTAIRS
ACCUMULA_HOUSE_NW_DOWNSTAIRS,ACCUMULA_HOUSE_NW,1,ACCUMULA_HOUSE_NW_UPSTAIRS
ACCUMULA_HOUSE_NE_EXIT,ACCUMULA_TOWN,3,ACCUMULA_HOUSE_NE_ENT
ACCUMULA_HOUSE_NE_UPSTAIRS,ACCUMULA_HOUSE_NE_2F,0,ACCUMULA_HOUSE_NE_DOWNSTAIRS
ACCUMULA_HOUSE_NE_DOWNSTAIRS,ACCUMULA_HOUSE_NE,1,ACCUMULA_HOUSE_NE_UPSTAIRS
ACCUMULA_HOUSE_SMALL_EXIT,ACCUMULA_TOWN,4,ACCUMULA_HOUSE_SMALL_ENT
ROUTE_1_GATE_R1,ROUTE_1_GATE,0,ROUTE_1_GATE_INT_R1
ROUTE_1_GATE_INT_R1,ROUTE_1,0,ROUTE_1_GATE_R1
P2_LAB_ENT,P2_LAB,0,P2_LAB_EXIT
P2_LAB_EXIT,P2_LAB_EXTERIOR,0,P2_LAB_ENT
ROUTE_18_HOUSE_ENT,ROUTE_18_HOUSE,0,ROUTE_18_HOUSE_EXIT
ROUTE_18_HOUSE_EXIT,ROUTE_18,0,ROUTE_18_HOUSE_ENT
ROUTE_1_GATE_R17,ROUTE_1_GATE,1,ROUTE_1_GATE_INT_R17
ROUTE_1_GATE_INT_R17,ROUTE_17,0,ROUTE_1_GATE_R17
UNDELLA_TOWN_GATE_N_INT_TOWN,UNDELLA_TOWN,3,UNDELLA_GATE_N_TOWN
UNDELLA_PC_ENT,UNDELLA_TOWN_PC,0,UNDELLA_PC_EXIT
UNDELLA_TOWN_VILLA_W_ENT,UNDELLA_TOWN_VILLA_W,0,UNDELLA_TOWN_VILLA_W_EXIT
UNDELLA_MARINE_TUBE_ENT,MARINE_TUBE,0,MARINE_TUBE_UNDELLA_EXIT
UNDELLA_GATE_N_TOWN,UNDELLA_GATE_N,1,UNDELLA_TOWN_GATE_N_INT_TOWN
UNDELLA_TOWN_VILLA_E_ENT,UNDELLA_TOWN_VILLA_E,0,UNDELLA_TOWN_VILLA_E_EXIT
UNDELLA_PC_EXIT,UNDELLA_TOWN,0,UNDELLA_PC_ENT
MARINE_TUBE_UNDELLA_EXIT,UNDELLA_TOWN,2,UNDELLA_MARINE_TUBE_ENT
UNDELLA_TOWN_VILLA_W_EXIT,UNDELLA_TOWN,1,UNDELLA_TOWN_VILLA_W_ENT
UNDELLA_TOWN_VILLA_E_EXIT,UNDELLA_TOWN,4,UNDELLA_TOWN_VILLA_E_ENT
MARINE_TUBE_ENT_S,MARINE_TUBE_2,0,MARINE_TUBE_EXIT_S
HUMILAU_PC_ENT,HUMILAU_PC,0,HUMILAU_PC_EXIT
HUMILAU_GYM_ENT,HUMILAU_GYM,0,HUMILAU_GYM_EXIT
HUMILAU_HOUSE_SE_ENT,HUMILAU_HOUSE_SE,0,HUMILAU_HOUSE_SE_EXIT
HUMILAU_HOUSE_SW_ENT,HUMILAU_HOUSE_SW,0,HUMILAU_HOUSE_SW_EXIT
HUMILAU_HOUSE_N_ENT,HUMILAU_HOUSE_N,0,HUMILAU_HOUSE_N_EXIT
HUMILAU_HOUSE_NE_ENT,HUMILAU_HOUSE_NE,0,HUMILAU_HOUSE_NE_EXIT
HUMILAU_HOUSE_NW_ENT,HUMILAU_HOUSE_NW,0,HUMILAU_HOUSE_NW_EXIT
MARINE_TUBE_ENT_HUMILAU,MARINE_TUBE_3,0,MARINE_TUBE_EXIT_HUMILAU
HUMILAU_GYM_EXIT,HUMILAU_CITY,1,HUMILAU_GYM_ENT
HUMILAU_PC_EXIT,HUMILAU_CITY,0,HUMILAU_PC_ENT
HUMILAU_HOUSE_SE_EXIT,HUMILAU_CITY,2,HUMILAU_HOUSE_SE_ENT
HUMILAU_HOUSE_SW_EXIT,HUMILAU_CITY,3,HUMILAU_HOUSE_SW_ENT
HUMILAU_HOUSE_N_EXIT,HUMILAU_CITY,4,HUMILAU_HOUSE_N_ENT
HUMILAU_HOUSE_NE_EXIT,HUMILAU_CITY,5,HUMILAU_HOUSE_NE_ENT
HUMILAU_HOUSE_NW_EXIT,HUMILAU_CITY,6,HUMILAU_HOUSE_NW_ENT
MARINE_TUBE_EXIT_HUMILAU,HUMILAU_CITY,7,MARINE_TUBE_ENT_HUMILAU
MARINE_TUBE_ENT_N,MARINE_TUBE_2,1,MARINE_TUBE_EXIT_N
MARINE_TUBE_EXIT_S,MARINE_TUBE,1,MARINE_TUBE_ENT_S
MARINE_TUBE_EXIT_N,MARINE_TUBE_3,1,MARINE_TUBE_ENT_N
ANVILLE_HOUSE_N_ENT,ANVILLE_HOUSE_N,0,ANVILLE_HOUSE_N_EXIT
ANVILLE_HOUSE_SW_ENT,ANVILLE_HOUSE_SW,0,ANVILLE_HOUSE_SW_EXIT
ANVILLE_HOUSE_SE_ENT,ANVILLE_HOUSE_SE,0,ANVILLE_HOUSE_SE_EXIT
ANVILLE_HOUSE_N_EXIT,ANVILLE_TOWN,0,ANVILLE_HOUSE_N_ENT
ANVILLE_HOUSE_SW_EXIT,ANVILLE_TOWN,1,ANVILLE_HOUSE_SW_ENT
ANVILLE_HOUSE_SE_EXIT,ANVILLE_TOWN,2,ANVILLE_HOUSE_SE_ENT
NIMBASA_GATE_W_CITY,NIMBASA_GATE_W,0,NIMBASA_GATE_W_INT_CITY
NIMBASA_GATE_E_CITY,NIMBASA_GATE_E,1,NIMBASA_GATE_E_INT_CITY
NIMBASA_BIG_STADIUM_ENT,BIG_STADIUM,0,NIMBASA_BIG_STADIUM_EXIT
NIMBASA_NIMBASA_PARK_ENT,NIMBASA_PARK,0,NIMBASA_PARK_EXIT
NIMBASA_PC_ENT,NIMBASA_PC,0,NIMBASA_PC_EXIT
NIMBASA_MUSICAL_THEATER_ENT,MUSICAL_THEATER,0,NIMBASA_MUSICAL_THEATER_EXIT
GEAR_STATION_ENT,GEAR_STATION,8,GEAR_STATION_EXIT
NIMBASA_HOUSE_NW_ENT,NIMBASA_HOUSE_NW,0,NIMBASA_HOUSE_NW_EXIT
NIMBASA_SMALL_COURT_ENT,SMALL_COURT,0,NIMBASA_SMALL_COURT_EXIT
NIMBASA_HOUSE_NE_ENT,NIMBASA_HOUSE_NE,1,NIMBASA_HOUSE_NE_EXIT
NIMBASA_HOUSE_SW_ENT,NIMBASA_HOUSE_SW,0,NIMBASA_HOUSE_SW_EXIT
NIMBASA_GYM_OLD_EXIT,NIMBASA_PARK,2,NIMBASA_GYM_OLD_ENT
NIMBASA_PARK_EXIT,NIMBASA_CITY,4,NIMBASA_NIMBASA_PARK_ENT
NIMBASA_GYM_OLD_ENT,NIMBASA_GYM_OLD,0,NIMBASA_GYM_OLD_EXIT
NIMBASA_GYM_ENT,NIMBASA_GYM,0,NIMBASA_GYM_EXIT
NIMBASA_PC_EXIT,NIMBASA_CITY,5,NIMBASA_PC_ENT
GEAR_STATION_PLATFORM_1_ENT,GEAR_STATION_PLATFORM_1,0,GEAR_STATION_PLATFORM_EXIT_1
GEAR_STATION_PLATFORM_2_ENT,GEAR_STATION_PLATFORM_2,0,GEAR_STATION_PLATFORM_EXIT_2
GEAR_STATION_PLATFORM_3_ENT,GEAR_STATION_PLATFORM_3,0,GEAR_STATION_PLATFORM_EXIT_3
GEAR_STATION_PLATFORM_4_ENT,GEAR_STATION_PLATFORM_4,0,GEAR_STATION_PLATFORM_EXIT_4
GEAR_STATION_PLATFORM_5_ENT,GEAR_STATION_PLATFORM_5,0,GEAR_STATION_PLATFORM_EXIT_5
GEAR_STATION_PLATFORM_6_ENT,GEAR_STATION_PLATFORM_6,0,GEAR_STATION_PLATFORM_EXIT_6
GEAR_STATION_PLATFORM_7_ENT,GEAR_STATION_PLATFORM_7,0,GEAR_STATION_PLATFORM_EXIT_7
GEAR_STATION_PLATFORM_8_ENT,GEAR_STATION_PLATFORM_8,0,GEAR_STATION_PLATFORM_EXIT_8
GEAR_STATION_EXIT,NIMBASA_CITY,7,GEAR_STATION_ENT
GEAR_STATION_PLATFORM_EXIT_1,GEAR_STATION,0,GEAR_STATION_PLATFORM_1_ENT
GEAR_STATION_PLATFORM_EXIT_2,GEAR_STATION,1,GEAR_STATION_PLATFORM_2_ENT
GEAR_STATION_PLATFORM_EXIT_3,GEAR_STATION,2,GEAR_STATION_PLATFORM_3_ENT
GEAR_STATION_PLATFORM_EXIT_4,GEAR_STATION,3,GEAR_STATION_PLATFORM_4_ENT
GEAR_STATION_PLATFORM_EXIT_5,GEAR_STATION,4,GEAR_STATION_PLATFORM_5_ENT
GEAR_STATION_PLATFORM_EXIT_6,GEAR_STATION,5,GEAR_STATION_PLATFORM_6_ENT
GEAR_STATION_PLATFORM_EXIT_7,GEAR_STATION,6,GEAR_STATION_PLATFORM_7_ENT
GEAR_STATION_PLATFORM_EXIT_8,GEAR_STATION,7,GEAR_STATION_PLATFORM_8_ENT
NIMBASA_MUSICAL_THEATER_EXIT,NIMBASA_CITY,6,NIMBASA_MUSICAL_THEATER_ENT
NIMBASA_BIG_STADIUM_EXIT,NIMBASA_CITY,3,NIMBASA_BIG_STADIUM_ENT
NIMBASA_BIG_STADIUM_STANDS_ENT,BIG_STADIUM_STANDS,0,NIMBASA_BIG_STADIUM_STANDS_EXIT
NIMBASA_BIG_STADIUM_STANDS_EXIT,BIG_STADIUM,2,NIMBASA_BIG_STADIUM_STANDS_ENT
NIMBASA_SMALL_COURT_EXIT,NIMBASA_CITY,9,NIMBASA_SMALL_COURT_ENT
NIMBASA_SMALL_COURT_STANDS_ENT,SMALL_COURT_STANDS,0,NIMBASA_SMALL_COURT_STANDS_EXIT
NIMBASA_SMALL_COURT_STANDS_EXIT,SMALL_COURT,1,NIMBASA_SMALL_COURT_STANDS_ENT
NIMBASA_HOUSE_NW_EXIT,NIMBASA_CITY,8,NIMBASA_HOUSE_NW_ENT
NIMBASA_HOUSE_NW_UPSTAIRS,NIMBASA_HOUSE_NW_2F,0,NIMBASA_HOUSE_NW_DOWNSTAIRS
NIMBASA_HOUSE_NW_DOWNSTAIRS,NIMBASA_HOUSE_NW,1,NIMBASA_HOUSE_NW_UPSTAIRS
NIMBASA_GATE_E_INT_CITY,NIMBASA_CITY,2,NIMBASA_GATE_E_CITY
NIMBASA_HOUSE_SW_EXIT,NIMBASA_CITY,11,NIMBASA_HOUSE_SW_ENT
NIMBASA_HOUSE_NE_UPSTAIRS,NIMBASA_HOUSE_NE_2F,0,NIMBASA_HOUSE_NE_DOWNSTAIRS
NIMBASA_HOUSE_NE_EXIT,NIMBASA_CITY,10,NIMBASA_HOUSE_NE_ENT
NIMBASA_HOUSE_NE_DOWNSTAIRS,NIMBASA_HOUSE_NE,0,NIMBASA_HOUSE_NE_UPSTAIRS
NIMBASA_GYM_EXIT,NIMBASA_PARK,1,NIMBASA_GYM_ENT
NIMBASA_GATE_W_INT_CITY,NIMBASA_CITY,1,NIMBASA_GATE_W_CITY
ICIRRUS_DRAGONSPIRAL_ENT,DRAGONSPIRAL_TOWER_EXTERIOR_BRIDGE,0,ICIRRUS_DRAGONSPIRAL_EXIT
ICIRRUS_DRAGONSPIRAL_EXIT,DRAGONSPIRAL_TOWER_EXTERIOR_ICIRRUS,0,ICIRRUS_DRAGONSPIRAL_ENT
DRAGONSPIRAL_ENT,DRAGONSPIRAL_TOWER_1F,0,DRAGONSPIRAL_EXIT
DRAGONSPIRAL_EXIT,DRAGONSPIRAL_TOWER_EXTERIOR_BRIDGE,1,DRAGONSPIRAL_ENT
DRAGONSPIRAL_1F_UPSTAIRS,DRAGONSPIRAL_TOWER_2F,0,DRAGONSPIRAL_2F_DOWNSTAIRS
DRAGONSPIRAL_2F_DOWNSTAIRS,DRAGONSPIRAL_TOWER_1F,1,DRAGONSPIRAL_1F_UPSTAIRS
DRAGONSPIRAL_2F_UPSTAIRS,DRAGONSPIRAL_TOWER_3F,0,DRAGONSPIRAL_3F_DOWNSTAIRS
DRAGONSPIRAL_3F_DOWNSTAIRS,DRAGONSPIRAL_TOWER_2F,1,DRAGONSPIRAL_2F_UPSTAIRS
DRAGONSPIRAL_3F_UPSTAIRS,DRAGONSPIRAL_TOWER_4F,0,DRAGONSPIRAL_4F_UPSTAIRS
DRAGONSPIRAL_4F_UPSTAIRS,DRAGONSPIRAL_TOWER_3F,1,DRAGONSPIRAL_3F_UPSTAIRS
DRAGONSPIRAL_4F_DOWNSTAIRS,DRAGONSPIRAL_TOWER_5F,0,DRAGONSPIRAL_5F_DOWNSTAIRS
DRAGONSPIRAL_5F_DOWNSTAIRS,DRAGONSPIRAL_TOWER_4F,1,DRAGONSPIRAL_4F_DOWNSTAIRS
DRAGONSPIRAL_5F_UPSTAIRS,DRAGONSPIRAL_TOWER_6F,0,DRAGONSPIRAL_6F_DOWNSTAIRS
DRAGONSPIRAL_6F_DOWNSTAIRS,DRAGONSPIRAL_TOWER_5F,1,DRAGONSPIRAL_5F_UPSTAIRS
DRAGONSPIRAL_6F_UPSTAIRS,DRAGONSPIRAL_TOWER_7F,0,DRAGONSPIRAL_7F_DOWNSTAIRS
DRAGONSPIRAL_7F_DOWNSTAIRS,DRAGONSPIRAL_TOWER_6F,1,DRAGONSPIRAL_6F_UPSTAIRS
LIBERTY_GARDEN_LIGHTHOUSE_ENT,LIBERTY_GARDEN_LIGHTHOUSE,0,LIBERTY_GARDERN_LIGHTHOUSE_EXIT
LIBERTY_GARDERN_LIGHTHOUSE_EXIT,LIBERTY_GARDEN,0,LIBERTY_GARDEN_LIGHTHOUSE_ENT
LIBERTY_GARDERN_LIGHTHOUSE_DOWNSTAIRS,LIBERTY_GARDEN_BASEMENT,0,LIBERTY_GARDEN_LIGHTHOUSE_UPSTAIRS
LIBERTY_GARDEN_LIGHTHOUSE_UPSTAIRS,LIBERTY_GARDEN_LIGHTHOUSE,1,LIBERTY_GARDERN_LIGHTHOUSE_DOWNSTAIRS
MARVELOUS_BRIDGE_ENT_R16,MARVELOUS_BRIDGE_W_GATE,0,MARVELOUS_BRIDGE_EXIT_R16
NIMBASA_GATE_E_R16,NIMBASA_GATE_E,0,NIMBASA_GATE_E_INT_R16
LOSTLORN_FOREST_ENT,LOSTLORN_FOREST,0,LOSTLORN_FOREST_EXIT
MARVELOUS_BRIDGE_EXIT_R16,ROUTE_16,0,MARVELOUS_BRIDGE_ENT_R16
LOSTLORN_FOREST_EXIT,ROUTE_16,2,LOSTLORN_FOREST_ENT
NIMBASA_GATE_E_INT_R16,ROUTE_16,1,NIMBASA_GATE_E_R16
CASTELIA_SEWERS_EXIT,THUMB_PIER,2,CASTELIA_SEWERS_ENT
CASTELIA_SEWERS_EXIT_CLEARING,CASTELIA_CITY_CLEARING,0,CASTELIA_SEWERS_ENT_CLEARING
CASTELIA_SEWERS_ROOM_W_ENT,CASTELIA_SEWERS_ROOM_W,0,CASTELIA_SEWERS_ROOM_W_EXIT
CASTELIA_SEWERS_ROOM_N_ENT,CASTELIA_SEWERS_ROOM_N,0,CASTELIA_SEWERS_ROOM_N_EXIT
CASTELIA_SEWERS_ROOM_C_ENT,CASTELIA_SEWERS_ROOM_C,0,CASTELIA_SEWERS_ROOM_C_EXIT
CASTELIA_SEWERS_ROOM_E_ENT,CASTELIA_SEWERS_ROOM_E,0,CASTELIA_SEWERS_ROOM_E_EXIT
CASTELIA_SEWERS_EXIT_BACK_ALLEY,CASTELIA_CITY_BACK_ALLEY,0,CASTELIA_SEWERS_BACK_ALLEY_ENT
CASTELIA_SEWERS_ROOM_W_EXIT,CASTELIA_SEWERS,3,CASTELIA_SEWERS_ROOM_W_ENT
CASTELIA_SEWERS_ROOM_E_EXIT,CASTELIA_SEWERS,6,CASTELIA_SEWERS_ROOM_E_ENT
CASTELIA_SEWERS_ROOM_N_EXIT,CASTELIA_SEWERS,4,CASTELIA_SEWERS_ROOM_N_ENT
CASTELIA_SEWERS_ROOM_C_EXIT,CASTELIA_SEWERS,5,CASTELIA_SEWERS_ROOM_C_ENT
CASTELIA_SEWERS_ENT_CLEARING,CASTELIA_SEWERS,1,CASTELIA_SEWERS_EXIT_CLEARING
CASTELIA_SEWERS_BACK_ALLEY_ENT,CASTELIA_SEWERS,7,CASTELIA_SEWERS_EXIT_BACK_ALLEY
PINWHEEL_FOREST_ENT,PINWHEEL_FOREST,0,PINWHEEL_FOREST_EXIT
PINWHEEL_FOREST_EXIT,PINWHEEL_FOREST_ENTRANCE,0,PINWHEEL_FOREST_ENT
RUMINATION_FIELD_ENT,RUMINATION_FIELD,0,RUMINATION_FIELD_EXIT
RUMINATION_FIELD_EXIT,PINWHEEL_FOREST,2,RUMINATION_FIELD_ENT
UNITY_TOWER_ENT,UNITY_TOWER_INT,0,UNITY_TOWER_EXIT
UNITY_TOWER_EXIT,UNITY_TOWER_EXT,0,UNITY_TOWER_ENT
POKEMON_LEAGUE_MAIN_CHAMBER_ENT,POKEMON_LEAGUE_MAIN_CHAMBER,0,POKEMON_LEAGUE_MAIN_CHAMBER_EXIT
POKEMON_LEAGUE_PC_ENT,POKEMON_LEAGUE_PC,0,POKEMON_LEAGUE_PC_EXIT
POKEMON_LEAGUE_MAIN_CHAMBER_EXIT,POKEMON_LEAGUE,1,POKEMON_LEAGUE_MAIN_CHAMBER_ENT
SHAUNTAL_ENT,SHAUNTAL_CHAMBER,0,SHAUNTAL_EXIT
MARSHAL_ENT,MARSHAL_CHAMBER,0,MARSHAL_EXIT
CAITLIN_ENT,CAITLIN_CHAMBER,0,CAITLIN_EXIT
GRIMSLEY_ENT,GRIMSLEY_CHAMBER,0,GRIMSLEY_EXIT
SHAUNTAL_EXIT,POKEMON_LEAGUE_MAIN_CHAMBER,1,SHAUNTAL_ENT
GRIMSLEY_EXIT,POKEMON_LEAGUE_MAIN_CHAMBER,4,GRIMSLEY_ENT
MARSHAL_EXIT,POKEMON_LEAGUE_MAIN_CHAMBER,2,MARSHAL_ENT
CAITLIN_EXIT,POKEMON_LEAGUE_MAIN_CHAMBER,3,CAITLIN_ENT
POKEMON_LEAGUE_PC_EXIT,POKEMON_LEAGUE,2,POKEMON_LEAGUE_PC_ENT
CHAMPION_ROOM_ENT,MAP_144_UNK,0,CHAMPION_ROOM_EXIT
CHAMPION_ROOM_EXIT,MAP_138_UNK,0,CHAMPION_ROOM_ENT
MARVELOUS_BRIDGE_ENT_W,MARVELOUS_BRIDGE,0,MARVELOUS_BRIDGE_GATE_W_ENT_BRIDGE
MARVELOUS_BRIDGE_GATE_W_ENT_BRIDGE,MARVELOUS_BRIDGE_W_GATE,1,MARVELOUS_BRIDGE_ENT_W
MARVELOUS_BRIDGE_GATE_E_ENT_BRIDGE,MARVELOUS_BRIDGE_E_GATE,0,MARVELOUS_BRIDGE_GATE_E_EXIT_BRIDGE
MARVELOUS_BRIDGE_GATE_E_EXIT_BRIDGE,MARVELOUS_BRIDGE,1,MARVELOUS_BRIDGE_GATE_E_ENT_BRIDGE
BLACK_CITY_GATE_W_R15,BLACK_CITY_GATE_W,0,BLACK_CITY_GATE_W_INT_R15
MARVELOUS_BRIDGE_GATE_E_ENT_R15,MARVELOUS_BRIDGE_E_GATE,1,MARVELOUS_BRIDGE_GATE_E_EXIT_R15
MARVELOUS_BRIDGE_GATE_E_EXIT_R15,ROUTE_15,1,MARVELOUS_BRIDGE_GATE_E_ENT_R15
TRANSFER_LAB_ENT,MAP_381_UNK,0,TRANSFER_LAB_EXIT
R15_TRAILER_ENT,MAP_382_UNK,0,R15_TRAILER_EXIT
BLACK_CITY_GATE_W_INT_R15,ROUTE_15,0,BLACK_CITY_GATE_W_R15
TRANSFER_LAB_EXIT,ROUTE_15,2,TRANSFER_LAB_ENT
R15_TRAILER_EXIT,ROUTE_15,3,R15_TRAILER_ENT
ABUNDANT_SHRINE_EXIT,ROUTE_14,0,ABUNDANT_SHRINE_ENT
ABUNDANT_SHRINE_HOUSE_ENT,MAP_377_UNK,0,ABUNDANT_SHRINE_HOUSE_EXIT
ABUNDANT_SHRINE_HOUSE_EXIT,ABUNDANT_SHRINE,1,ABUNDANT_SHRINE_HOUSE_ENT
ABUNDANT_SHRINE_ENT,ABUNDANT_SHRINE,0,ABUNDANT_SHRINE_EXIT
WHITE_FOREST_PC_ENT,WHITE_FOREST_PC,0,WHITE_FOREST_PC_EXIT
WHITE_FOREST_HOUSE_ENT,WHITE_FOREST_HOUSE,0,WHITE_FOREST_HOUSE_EXIT
WHITE_TREEHOLLOW_ENT,WHITE_TREEHOLLOW,0,WHITE_TREEHOLLOW_EXIT
WHITE_FOREST_PC_EXIT,WHITE_FOREST,2,WHITE_FOREST_PC_ENT
WHITE_FOREST_HOUSE_EXIT,WHITE_FOREST,3,WHITE_FOREST_HOUSE_ENT
WHITE_TREEHOLLOW_EXIT,WHITE_FOREST,4,WHITE_TREEHOLLOW_ENT
ROYAL_UNOVA_CABIN_1_ENT,ROYAL_UNOVA,20,ROYAL_UNOVA_CABIN_1_EXIT
ROYAL_UNOVA_CABIN_2_ENT,ROYAL_UNOVA,21,ROYAL_UNOVA_CABIN_2_EXIT
ROYAL_UNOVA_CABIN_3_ENT,ROYAL_UNOVA,14,ROYAL_UNOVA_CABIN_3_EXIT
ROYAL_UNOVA_CABIN_4_ENT,ROYAL_UNOVA,17,ROYAL_UNOVA_CABIN_4_EXIT
ROYAL_UNOVA_CABIN_5_ENT,ROYAL_UNOVA,15,ROYAL_UNOVA_CABIN_5_EXIT
ROYAL_UNOVA_CABIN_6_ENT,ROYAL_UNOVA,16,ROYAL_UNOVA_CABIN_6_EXIT
ROYAL_UNOVA_CABIN_7_ENT,ROYAL_UNOVA,22,ROYAL_UNOVA_CABIN_7_EXIT
ROYAL_UNOVA_CABIN_8_ENT,ROYAL_UNOVA,24,ROYAL_UNOVA_CABIN_8_EXIT
ROYAL_UNOVA_CABIN_9_ENT,ROYAL_UNOVA,26,ROYAL_UNOVA_CABIN_9_EXIT
ROYAL_UNOVA_CABIN_10_ENT,ROYAL_UNOVA,23,ROYAL_UNOVA_CABIN_10_EXIT
ROYAL_UNOVA_CABIN_11_ENT,ROYAL_UNOVA,18,ROYAL_UNOVA_CABIN_11_EXIT
ROYAL_UNOVA_CABIN_12_ENT,ROYAL_UNOVA,19,ROYAL_UNOVA_CABIN_12_EXIT
ROYAL_UNOVA_CABIN_13_ENT,ROYAL_UNOVA,25,ROYAL_UNOVA_CABIN_13_EXIT
ROYAL_UNOVA_CABIN_14_ENT,ROYAL_UNOVA,27,ROYAL_UNOVA_CABIN_14_EXIT
ROYAL_UNOVA_CABIN_3_EXIT,ROYAL_UNOVA,2,ROYAL_UNOVA_CABIN_3_ENT
ROYAL_UNOVA_CABIN_5_EXIT,ROYAL_UNOVA,4,ROYAL_UNOVA_CABIN_5_ENT
ROYAL_UNOVA_CABIN_6_EXIT,ROYAL_UNOVA,5,ROYAL_UNOVA_CABIN_6_ENT
ROYAL_UNOVA_CABIN_4_EXIT,ROYAL_UNOVA,3,ROYAL_UNOVA_CABIN_4_ENT
ROYAL_UNOVA_CABIN_11_EXIT,ROYAL_UNOVA,10,ROYAL_UNOVA_CABIN_11_ENT
ROYAL_UNOVA_CABIN_12_EXIT,ROYAL_UNOVA,11,ROYAL_UNOVA_CABIN_12_ENT
ROYAL_UNOVA_CABIN_1_EXIT,ROYAL_UNOVA,0,ROYAL_UNOVA_CABIN_1_ENT
ROYAL_UNOVA_CABIN_2_EXIT,ROYAL_UNOVA,1,ROYAL_UNOVA_CABIN_2_ENT
ROYAL_UNOVA_CABIN_7_EXIT,ROYAL_UNOVA,6,ROYAL_UNOVA_CABIN_7_ENT
ROYAL_UNOVA_CABIN_10_EXIT,ROYAL_UNOVA,9,ROYAL_UNOVA_CABIN_10_ENT
ROYAL_UNOVA_CABIN_8_EXIT,ROYAL_UNOVA,7,ROYAL_UNOVA_CABIN_8_ENT
ROYAL_UNOVA_CABIN_13_EXIT,ROYAL_UNOVA,12,ROYAL_UNOVA_CABIN_13_ENT
ROYAL_UNOVA_CABIN_9_EXIT,ROYAL_UNOVA,8,ROYAL_UNOVA_CABIN_9_ENT
ROYAL_UNOVA_CABIN_14_EXIT,ROYAL_UNOVA,13,ROYAL_UNOVA_CABIN_14_ENT
ROYAL_UNOVA_STAIRS_UP,ROYAL_UNOVA,29,ROYAL_UNOVA_STAIRS_DOWN
ROYAL_UNOVA_STAIRS_DOWN,ROYAL_UNOVA,28,ROYAL_UNOVA_STAIRS_UP
CASTELIA_GYM_EXIT,CASTELIA_GYM_STREET,2,CASTELIA_GYM_ENT
CASTELIA_CENTRAL_STREET_ENT,CASTELIA_CENTRAL_STREET,4,CASTELIA_CENTRAL_STREET_EXIT
CASTELIA_GYM_STREET_CENTRAL_PLAZA_ENT,CASTELIA_GYM_STREET,0,CASTELIA_GYM_STREET_CENTRAL_PLAZA_EXIT
CASTELIA_NARROW_STREET_CENTRAL_PLAZA_ENT,CASTELIA_NARROW_STREET,2,CASTELIA_NARROW_STREET_CENTRAL_PLAZA_EXIT
CASTELIA_MODE_STREET_CENTRAL_PLAZA_ENT,CASTELIA_MODE_STREET,2,CASTELIA_MODE_STREET_CENTRAL_PLAZA_EXIT
CASTELIA_CASTELIA_STREET_CENTRAL_PLAZA_ENT,CASTELIA_CASTELIA_STREET,3,CASTELIA_CASTELIA_STREET_CENTRAL_PLAZA_EXIT
CASTELIA_GYM_STREET_CENTRAL_PLAZA_EXIT,CASTELIA_CENTRAL_PLAZA,1,CASTELIA_GYM_STREET_CENTRAL_PLAZA_ENT
CASTELIA_GYM_STREET_EXIT,CASTELIA_CITY,7,CASTELIA_GYM_STREET_ENT
CASTELIA_GYM_ENT,CASTELIA_GYM,0,CASTELIA_GYM_EXIT
CASTELIA_MEDAL_OFFICE_ENT,MEDAL_OFFICE,0,CASTELIA_MEDAL_OFFICE_EXIT
CASTELIA_GATE_N_ENT,CASTELIA_GATE_N,0,CASTELIA_GATE_N_INT_CITY
CASTELIA_CENTRAL_STREET_BUILDING_W_ENT,CASTELIA_AMULET_COIN_BUILDING,0,CASTELIA_CENTRAL_STREET_BUILDING_W_EXIT
CASTELIA_CENTRAL_STREET_BUILDING_NE_ENT,CASTELIA_EVIOLITE_BUILDING,0,CASTELIA_CENTRAL_STREET_BUILDING_NE_EXIT
CASTELIA_CENTRAL_STREET_BUILDING_SE_ENT,CASTELIA_FOREIGN_LANGUAGE_PARTY_BUILDING,0,CASTELIA_CENTRAL_STREET_BUILDING_SE_EXIT
CASTELIA_CENTRAL_STREET_EXIT,CASTELIA_CENTRAL_PLAZA,0,CASTELIA_CENTRAL_STREET_ENT
CASTELIA_MODE_STREET_EXIT,CASTELIA_CITY,15,CASTELIA_MODE_STREET_ENT
STUDIO_CASTELIA_ENT,STUDIO_CASTELIA,0,STUDIO_CASTELIA_EXIT
CASTELIA_MODE_STREET_CENTRAL_PLAZA_EXIT,CASTELIA_CENTRAL_PLAZA,3,CASTELIA_MODE_STREET_CENTRAL_PLAZA_ENT
CASTElA_STREET_EXIT,CASTELIA_CITY,0,CASTELIA_STREET_ENT
CASTELIA_GF_BUILDING_ENT,CASTELIA_GAME_FREAK_BUILDING,0,CASTELIA_GF_BUILDING_EXIT
CASTELIA_MASSAGE_BUILDING_ENT,CASTELIA_MASSAGE_BUILDING,0,CASTELIA_MASSAGE_BUILDING_EXIT
CASTELIA_CASTELIA_STREET_CENTRAL_PLAZA_EXIT,CASTELIA_CENTRAL_PLAZA,4,CASTELIA_CASTELIA_STREET_CENTRAL_PLAZA_ENT
CASTELIA_NARROW_STREET_EXIT,CASTELIA_CITY,18,CASTELIA_NARROW_STREET_ENT
CASTELIA_CAFE_SONATA_ENT,CAFE_SONATA,0,CASTELIA_CAFE_SONATA_EXIT
CASTELIA_NARROW_STREET_CENTRAL_PLAZA_EXIT,CASTELIA_CENTRAL_PLAZA,2,CASTELIA_NARROW_STREET_CENTRAL_PLAZA_ENT
CASTELIA_THUMB_PIER_EXIT,CASTELIA_CITY,1,CASTELIA_THUMB_PIER_ENT
CASTELIA_SEWERS_ENT,CASTELIA_SEWERS,0,CASTELIA_SEWERS_EXIT
CASTELIA_PC_EXIT,CASTELIA_CITY,10,CASTELIA_PC_ENT
STUDIO_CASTELIA_EXIT,CASTELIA_MODE_STREET,1,STUDIO_CASTELIA_ENT
CASTELIA_GF_BUILDING_EXIT,CASTELIA_CASTELIA_STREET,1,CASTELIA_GF_BUILDING_ENT
CASTELIA_CENTRAL_STREET_BUILDING_W_EXIT,CASTELIA_CENTRAL_STREET,1,CASTELIA_CENTRAL_STREET_BUILDING_W_ENT
CASTELIA_CAFE_SONATA_EXIT,CASTELIA_NARROW_STREET,1,CASTELIA_CAFE_SONATA_ENT
CASTELIA_MASSAGE_BUILDING_EXIT,CASTELIA_CASTELIA_STREET,2,CASTELIA_MASSAGE_BUILDING_ENT
CASTELIA_MEDAL_OFFICE_EXIT,CASTELIA_GYM_STREET,3,CASTELIA_MEDAL_OFFICE_ENT
CASTELIA_CENTRAL_STREET_BUILDING_NE_EXIT,CASTELIA_CENTRAL_STREET,2,CASTELIA_CENTRAL_STREET_BUILDING_NE_ENT
CASTELIA_CENTRAL_STREET_BUILDING_SE_EXIT,CASTELIA_CENTRAL_STREET,3,CASTELIA_CENTRAL_STREET_BUILDING_SE_ENT
CASTELIA_CRUISE_SHIP_DECK_EXIT,CASTELIA_CITY,3,CASTELIA_CRUISE_SHIP_DECK_ENT
CASTELIA_BATTLE_CO_EXIT,CASTELIA_CITY,11,CASTELIA_BATTLE_CO_ENT
CASTELIA_PASSERBY_HQ_EXIT,CASTELIA_CITY,12,CASTELIA_PASSERBY_HQ_ENT
CASTELIA_LIBERTY_PIER_EXIT,CASTELIA_CITY,8,CASTELIA_LIBERTY_PIER_ENT
CASTELIA_PRIME_PIER_EXIT,CASTELIA_CITY,4,CASTELIA_PRIME_PIER_ENT
CASTELIA_UNITY_PIER_EXIT,CASTELIA_CITY,6,CASTELIA_UNITY_PIER_ENT
SKYARROW_BRIDGE_EXIT_S,SKYARROW_BRIDGE_PINWHEEL_GATE,1,SKYARROW_BRIDGE_ENT_S
SKYARROW_BRIDGE_EXIT_N,SKYARROW_BRIDGE_CASTELIA_GATE,0,SKYARROW_BRIDGE_ENT_N
PINWHEEL_FOREST_SKYARROW_EXIT,SKYARROW_BRIDGE_PINWHEEL_GATE,0,PINWHEEL_FOREST_SKYARROW_ENT
SKYARROW_BRIDGE_ENT_N,SKYARROW_BRIDGE,1,SKYARROW_BRIDGE_EXIT_N
CASTELIA_BRIDGE_GATE_TO_UNK,SKYARROW_BRIDGE_UNK,0,CASTELIA_BRIDGE_UNK_TO_GATE
PINWHEEL_FOREST_SKYARROW_ENT,PINWHEEL_FOREST,1,PINWHEEL_FOREST_SKYARROW_EXIT
SKYARROW_BRIDGE_ENT_S,SKYARROW_BRIDGE,0,SKYARROW_BRIDGE_EXIT_S
CASTELIA_BRIDGE_UNK_TO_GATE,SKYARROW_BRIDGE_CASTELIA_GATE,1,CASTELIA_BRIDGE_GATE_TO_UNK
CASTELIA_BRIDGE_UNK_EXIT,CASTELIA_CITY,9,CASTELIA_BRIDGE_UNK_ENT
CASTELIA_STREET_ENT,CASTELIA_CASTELIA_STREET,0,CASTElA_STREET_EXIT
CASTELIA_THUMB_PIER_ENT,THUMB_PIER,1,CASTELIA_THUMB_PIER_EXIT
CASTELIA_CRUISE_SHIP_DECK_ENT,CRUISE_SHIP_DECK,1,CASTELIA_CRUISE_SHIP_DECK_EXIT
CASTELIA_PRIME_PIER_ENT,PRIME_PIER,1,CASTELIA_PRIME_PIER_EXIT
CASTELIA_UNITY_PIER_ENT,UNITY_PIER,1,CASTELIA_UNITY_PIER_EXIT
CASTELIA_GYM_STREET_ENT,CASTELIA_GYM_STREET,1,CASTELIA_GYM_STREET_EXIT
CASTELIA_BATTLE_CO_ENT,BATTLE_COMPANY,0,CASTELIA_BATTLE_CO_EXIT
CASTELIA_BRIDGE_UNK_ENT,SKYARROW_BRIDGE_UNK,1,CASTELIA_BRIDGE_UNK_EXIT
CASTELIA_PC_ENT,CASTELIA_PC,0,CASTELIA_PC_EXIT
CASTELIA_LIBERTY_PIER_ENT,LIBERTY_PIER,0,CASTELIA_LIBERTY_PIER_EXIT
CASTELIA_PASSERBY_HQ_ENT,PASSERBY_HQ,0,CASTELIA_PASSERBY_HQ_EXIT
CASTELIA_MODE_STREET_ENT,CASTELIA_MODE_STREET,0,CASTELIA_MODE_STREET_EXIT
CASTELIA_NARROW_STREET_ENT,CASTELIA_NARROW_STREET,0,CASTELIA_NARROW_STREET_EXIT
CASTELIA_GATE_N_INT_CITY,CASTELIA_CENTRAL_STREET,0,CASTELIA_GATE_N_ENT
VIRBANK_GATE_N_POKESTAR,VIRBANK_GATE_N,1,VIRBANK_GATE_N_INT_POKESTAR
POKESTAR_STUDIO_ENT,POKESTAR_STUDIO_STUDIO,0,POKESTAR_STUDIO_EXIT
POKESTAR_THEATER_ENT,POKESTAR_STUDIO_THEATER,0,POKESTAR_THEATER_EXIT
VIRBANK_GATE_N_INT_POKESTAR,POKESTAR_STUDIO,0,VIRBANK_GATE_N_POKESTAR
POKESTAR_THEATER_EXIT,POKESTAR_STUDIO,2,POKESTAR_THEATER_ENT
POKESTAR_STUDIO_EXIT,POKESTAR_STUDIO,1,POKESTAR_STUDIO_ENT
POKESTAR_FILMING_ROOM_ENT,MAP_567_UNK,0,POKESTAR_FILMING_ROOM_EXIT
POKESTAR_CHANGING_ROOM_ENT,MAP_586_UNK,0,POKESTAR_CHANGING_ROOM_EXIT
POKESTAR_FILMING_ROOM_EXIT,POKESTAR_STUDIO_STUDIO,1,POKESTAR_FILMING_ROOM_ENT
POKESTAR_CHANGING_ROOM_EXIT,POKESTAR_STUDIO_STUDIO,2,POKESTAR_CHANGING_ROOM_ENT
JOIN_AVENUE_BUILDING_EXIT,JOIN_AVENUE,3,JOIN_AVENUE_BUILDING_ENT
DESERT_RESORT_GATE_S,DESERT_RESORT_GATE,0,DESERT_RESORT_GATE_INT_S
DESERT_RESORT_GATE_N,DESERT_RESORT_GATE,1,DESERT_RESORT_GATE_INT_N
RELIC_CASTLE_ENT,RELIC_CASTLE_1F,2,RELIC_CASTLE_EXIT
DESERT_RESORT_GATE_INT_S,DESERT_RESORT_ENTRANCE,0,DESERT_RESORT_GATE_S
DESERT_RESORT_GATE_INT_N,DESERT_RESORT,0,DESERT_RESORT_GATE_N
RELIC_CASTLE_STAIRS_DOWN_S,RELIC_CASTLE_B1F,1,RELIC_CASTLE_STAIRS_UP_S
RELIC_CASTLE_STAIRS_DOWN_N,RELIC_CASTLE_B1F,0,RELIC_CASTLE_STAIRS_UP_N
RELIC_CASTLE_EXIT,DESERT_RESORT,1,RELIC_CASTLE_ENT
RELIC_CASTLE_STAIRS_UP_N,RELIC_CASTLE_1F,1,RELIC_CASTLE_STAIRS_DOWN_N
RELIC_CASTLE_STAIRS_UP_S,RELIC_CASTLE_1F,0,RELIC_CASTLE_STAIRS_DOWN_S
JOIN_AVENUE_EXIT_NIMBASA,NIMBASA_CITY,0,JOIN_AVENUE_ENT_NIMBASA
JOIN_AVENUE_BUILDING_ENT,JOIN_AVENUE_BUILDING,0,JOIN_AVENUE_BUILDING_EXIT
JOIN_AVENUE_ENT_NIMBASA,JOIN_AVENUE,2,JOIN_AVENUE_EXIT_NIMBASA
ROUTE_4_HOUSE_S_EXIT,ROUTE_4_WHITE,0,ROUTE_4_HOUSE_S_ENT
ROUTE_4_NE_EXIT,ROUTE_4_WHITE,1,ROUTE_4_NE_ENT
ROUTE_4_HOUSE_C_R_EXIT,ROUTE_4_WHITE,2,ROUTE_4_HOUSE_C_R_ENT
ROUTE_4_HOUSE_C_L_EXIT,ROUTE_4_WHITE,3,ROUTE_4_HOUSE_C_L_ENT
ROUTE_4_HOUSE_W_EXIT,ROUTE_4_WHITE,4,ROUTE_4_HOUSE_W_ENT
ROUTE_4_HOUSE_S_ENT,ROUTE_4_HOUSE_S,0,ROUTE_4_HOUSE_S_EXIT
ROUTE_4_NE_ENT,ROUTE_4_HOUSE_NE,0,ROUTE_4_NE_EXIT
ROUTE_4_HOUSE_C_R_ENT,ROUTE_4_HOUSE_C_R,0,ROUTE_4_HOUSE_C_R_EXIT
ROUTE_4_HOUSE_C_L_ENT,ROUTE_4_HOUSE_C_L,0,ROUTE_4_HOUSE_C_L_EXIT
ROUTE_4_HOUSE_W_ENT,ROUTE_4_HOUSE_W,0,ROUTE_4_HOUSE_W_EXIT
CASTELIA_GATE_N_ENT_WHITE,CASTELIA_GATE_N,2,CASTELIA_GATE_N_INT_R4_WHITE
CASTELIA_GATE_N_INT_R4_WHITE,ROUTE_4_WHITE,5,CASTELIA_GATE_N_ENT_WHITE
JOIN_AVENUE_R4_ENT_WHITE,JOIN_AVENUE,1,JOIN_AVENUE_EXIT_R4_WHITE
JOIN_AVENUE_EXIT_R4_WHITE,ROUTE_4_WHITE,6,JOIN_AVENUE_R4_ENT_WHITE
RELIC_CASTLE_ROOM_B_EXIT,RELIC_CASTLE_ROOM_C,0,RELIC_CASTLE_ROOM_C_ENT
RELIC_CASTLE_ROOM_B_ENT,RELIC_CASTLE_ROOM_A,0,RELIC_CASTLE_ROOM_A_EXIT
RELIC_CASTLE_ROOM_D_EXIT,RELIC_CASTLE_ROOM_E,0,RELIC_CASTLE_ROOM_E_EXIT
RELIC_CASTLE_ROOM_D_ENT,RELIC_CASTLE_ROOM_C,1,RELIC_CASTLE_ROOM_C_EXIT
RELIC_CASTLE_ROOM_E_EXIT,RELIC_CASTLE_ROOM_D,0,RELIC_CASTLE_ROOM_D_EXIT
RELIC_CASTLE_ROOM_A_EXIT,RELIC_CASTLE_ROOM_B,1,RELIC_CASTLE_ROOM_B_ENT
RELIC_CASTLE_ROOM_A_ENT,RELIC_PASSAGE_MIDDLE,3,RELIC_PASSAGE_CASTLE_ENT
RELIC_CASTLE_ROOM_C_ENT,RELIC_CASTLE_ROOM_B,0,RELIC_CASTLE_ROOM_B_EXIT
RELIC_CASTLE_ROOM_C_EXIT,RELIC_CASTLE_ROOM_D,1,RELIC_CASTLE_ROOM_D_ENT
RELIC_CASTLE_VOLCARONA_ROOM_ENT,RELIC_CASTLE_VOLCARONA_ROOM,0,RELIC_CASTLE_VOLCARONA_ROOM_EXIT
RELIC_CASTLE_VOLCARONA_ROOM_EXIT,RELIC_CASTLE_ROOM_C,2,RELIC_CASTLE_VOLCARONA_ROOM_ENT
PWT_ENT,PWT,0,PWT_EXIT
RELIC_PASSAGE_PWT_ENT,RELIC_PASSAGE_PWT,1,RELIC_PASSAGE_PWT_EXIT
PWT_GATE_PWT,PWT_GATE,1,PWT_GATE_INT_TOURN
PWT_EXIT,PWT_EXTERIOR,0,PWT_ENT
PWT_BACK_ROOM_ENT,PWT_BACK_ROOM,0,PWT_BACK_ROOM_EXIT
PWT_BACK_ROOM_EXIT,PWT,1,PWT_BACK_ROOM_ENT
RELIC_PASSAGE_CASTELIA_TO_MIDDLE_S,RELIC_PASSAGE_MIDDLE,1,RELIC_PASSAGE_MIDDLE_TO_CASTELIA_S
RELIC_PASSAGE_CASTELIA_TO_MIDDLE_N,RELIC_PASSAGE_MIDDLE,0,RELIC_PASSAGE_MIDDLE_TO_CASTELIA_N
RELIC_PASSAGE_EXIT_CASTELIA_SEWERS,CASTELIA_SEWERS,2,CASTELIA_SEWERS_EXIT_RELIC_PASSAGE
RELIC_PASSAGE_MIDDLE_TO_CASTELIA_N,RELIC_PASSAGE_CASTELIA,1,RELIC_PASSAGE_CASTELIA_TO_MIDDLE_N
RELIC_PASSAGE_MIDDLE_TO_CASTELIA_S,RELIC_PASSAGE_CASTELIA,0,RELIC_PASSAGE_CASTELIA_TO_MIDDLE_S
RELIC_PASSAGE_MIDDLE_TO_PWT,RELIC_PASSAGE_PWT,0,RELIC_PASSAGE_PWT_TO_MIDDLE
RELIC_PASSAGE_CASTLE_ENT,RELIC_CASTLE_ROOM_A,1,RELIC_CASTLE_ROOM_A_ENT
RELIC_PASSAGE_PWT_TO_MIDDLE,RELIC_PASSAGE_MIDDLE,2,RELIC_PASSAGE_MIDDLE_TO_PWT
RELIC_PASSAGE_PWT_EXIT,PWT_EXTERIOR,1,RELIC_PASSAGE_PWT_ENT
VICTORY_ROAD_PC_EXIT,VICTORY_ROAD_ENTRANCE,3,VICTORY_ROAD_PC_ENT
VICTORY_ROAD_1F_ENT_BLACK,VICTORY_ROAD_1F_BLACK,0,VICTORY_ROAD_1F_EXIT_BLACK
VICTORY_ROAD_1F_ENT_WHITE,VICTORY_ROAD_1F_WHITE,0,VICTORY_ROAD_1F_EXIT_WHITE
VICTORY_ROAD_R23_EXIT,ROUTE_23,0,VICTORY_ROAD_R23_ENT
VICTORY_ROAD_PC_ENT,MAP_602_UNK,0,VICTORY_ROAD_PC_EXIT
VICTORY_ROAD_1F_EXIT_BLACK,VICTORY_ROAD_ENTRANCE,0,VICTORY_ROAD_1F_ENT_BLACK
VICTORY_ROAD_GROVE_1F_ENT_BLACK,VICTORY_ROAD_GROVE,0,VICTORY_ROAD_GROVE_1F_EXIT_BLACK
VICTORY_ROAD_1F_EXIT_CAVE_BLACK,VICTORY_ROAD_OUTSIDE_LOWER_BLACK,5,VICTORY_ROAD_1F_ENT_CAVE_BLACK
VICTORY_ROAD_1F_EXIT_NE_BLACK,VICTORY_ROAD_OUTSIDE_LOWER_BLACK,4,VICTORY_ROAD_1F_ENT_SE_BLACK
VICTORY_ROAD_GROVE_1F_EXIT_BLACK,VICTORY_ROAD_1F_BLACK,1,VICTORY_ROAD_GROVE_1F_ENT_BLACK
VICTORY_ROAD_GROVE_EXIT_BLACK,VICTORY_ROAD_OUTSIDE_LOWER_BLACK,3,VICTORY_ROAD_GROVE_ENT_BLACK
VICTORY_ROAD_GROVE_EXIT_WHITE,VICTORY_ROAD_OUTSIDE_LOWER_WHITE,0,VICTORY_ROAD_GROVE_ENT_WHITE
VICTORY_ROAD_GROVE_1F_EXIT_WHITE,VICTORY_ROAD_1F_WHITE,3,VICTORY_ROAD_GROVE_1F_ENT_WHITE
VICTORY_ROAD_2F_ENT_NW_BLACK,VICTORY_ROAD_2F,3,VICTORY_ROAD_2F_EXIT_SW_BLACK
VICTORY_ROAD_2F_ENT_N_BLACK,VICTORY_ROAD_2F,4,VICTORY_ROAD_2F_EXIT_S_BLACK
VICTORY_ROAD_2F_ENT_NE_BLACK,VICTORY_ROAD_2F,5,VICTORY_ROAD_2F_EXIT_SE_BLACK
VICTORY_ROAD_GROVE_ENT_BLACK,VICTORY_ROAD_GROVE,1,VICTORY_ROAD_GROVE_EXIT_BLACK
VICTORY_ROAD_1F_ENT_CAVE_BLACK,VICTORY_ROAD_1F_BLACK,2,VICTORY_ROAD_1F_EXIT_CAVE_BLACK
VICTORY_ROAD_1F_ENT_SE_BLACK,VICTORY_ROAD_1F_BLACK,3,VICTORY_ROAD_1F_EXIT_NE_BLACK
VICTORY_ROAD_2F_BACK_ENT,VICTORY_ROAD_2F_BACK,0,VICTORY_ROAD_2F_BACK_EXIT
VICTORY_ROAD_2F_EXIT_NW,VICTORY_ROAD_OUTSIDE_UPPER,0,VICTORY_ROAD_2F_ENT_SW
VICTORY_ROAD_2F_EXIT_NE,VICTORY_ROAD_OUTSIDE_UPPER,1,VICTORY_ROAD_2F_ENT_SE
VICTORY_ROAD_2F_EXIT_SW_BLACK,VICTORY_ROAD_OUTSIDE_LOWER_BLACK,0,VICTORY_ROAD_2F_ENT_NW_BLACK
VICTORY_ROAD_2F_EXIT_S_BLACK,VICTORY_ROAD_OUTSIDE_LOWER_BLACK,1,VICTORY_ROAD_2F_ENT_N_BLACK
VICTORY_ROAD_2F_EXIT_SE_BLACK,VICTORY_ROAD_OUTSIDE_LOWER_BLACK,2,VICTORY_ROAD_2F_ENT_NE_BLACK
VICTORY_ROAD_2F_EXIT_SW_WHITE,VICTORY_ROAD_OUTSIDE_LOWER_WHITE,3,VICTORY_ROAD_2F_ENT_NW_WHITE
VICTORY_ROAD_2F_EXIT_S_WHITE,VICTORY_ROAD_OUTSIDE_LOWER_WHITE,4,VICTORY_ROAD_2F_ENT_N_WHITE
VICTORY_ROAD_2F_EXIT_SE_WHITE,VICTORY_ROAD_OUTSIDE_LOWER_WHITE,5,VICTORY_ROAD_2F_ENT_NE_WHITE
VICTORY_ROAD_2F_BACK_EXIT,VICTORY_ROAD_2F,0,VICTORY_ROAD_2F_BACK_ENT
VICTORY_ROAD_2F_BACK_OUTSIDE_EXIT,VICTORY_ROAD_OUTSIDE_UPPER,2,VICTORY_ROAD_2F_BACK_OUTSIDE_ENT
VICTORY_ROAD_2F_ENT_SW,VICTORY_ROAD_2F,1,VICTORY_ROAD_2F_EXIT_NW
VICTORY_ROAD_2F_ENT_SE,VICTORY_ROAD_2F,2,VICTORY_ROAD_2F_EXIT_NE
VICTORY_ROAD_2F_BACK_OUTSIDE_ENT,VICTORY_ROAD_2F_BACK,1,VICTORY_ROAD_2F_BACK_OUTSIDE_EXIT
VICTORY_ROAD_3F_ENT_N,VICTORY_ROAD_3F,0,VICTORY_ROAD_3F_EXIT_N
VICTORY_ROAD_3F_ENT_S,VICTORY_ROAD_3F,1,VICTORY_ROAD_3F_EXIT_S
VICTORY_ROAD_4F_ENT,VICTORY_ROAD_4F,1,VICTORY_ROAD_4F_EXIT
VICTORY_ROAD_3F_BACK_ENT,VICTORY_ROAD_3F_BACK,0,VICTORY_ROAD_3F_BACK_EXIT
VICTORY_ROAD_3F_EXIT_N,VICTORY_ROAD_OUTSIDE_UPPER,3,VICTORY_ROAD_3F_ENT_N
VICTORY_ROAD_3F_EXIT_S,VICTORY_ROAD_OUTSIDE_UPPER,4,VICTORY_ROAD_3F_ENT_S
VICTORY_ROAD_1F_EXIT_WHITE,VICTORY_ROAD_ENTRANCE,1,VICTORY_ROAD_1F_ENT_WHITE
VICTORY_ROAD_1F_EXIT_CAVE_WHITE,VICTORY_ROAD_OUTSIDE_LOWER_WHITE,1,VICTORY_ROAD_1F_ENT_CAVE_WHITE
VICTORY_ROAD_1F_EXIT_NE_WHITE,VICTORY_ROAD_OUTSIDE_LOWER_WHITE,2,VICTORY_ROAD_1F_ENT_SE_WHITE
VICTORY_ROAD_GROVE_ENT_WHITE,VICTORY_ROAD_GROVE,2,VICTORY_ROAD_GROVE_EXIT_WHITE
VICTORY_ROAD_GROVE_1F_ENT_WHITE,VICTORY_ROAD_GROVE,3,VICTORY_ROAD_GROVE_1F_EXIT_WHITE
VICTORY_ROAD_1F_ENT_CAVE_WHITE,VICTORY_ROAD_1F_WHITE,1,VICTORY_ROAD_1F_EXIT_CAVE_WHITE
VICTORY_ROAD_1F_ENT_SE_WHITE,VICTORY_ROAD_1F_WHITE,2,VICTORY_ROAD_1F_EXIT_NE_WHITE
VICTORY_ROAD_2F_ENT_NW_WHITE,VICTORY_ROAD_2F,6,VICTORY_ROAD_2F_EXIT_SW_WHITE
VICTORY_ROAD_2F_ENT_N_WHITE,VICTORY_ROAD_2F,7,VICTORY_ROAD_2F_EXIT_S_WHITE
VICTORY_ROAD_2F_ENT_NE_WHITE,VICTORY_ROAD_2F,8,VICTORY_ROAD_2F_EXIT_SE_WHITE
VICTORY_ROAD_3F_BACK_EXIT,VICTORY_ROAD_OUTSIDE_UPPER,6,VICTORY_ROAD_3F_BACK_ENT
VICTORY_ROAD_3F_BACK_N_CASTLE_ENT,NS_CASTLE_4F,2,NS_CASTLE_VICTORY_ROAD_EXIT
NS_ROOM_ENT,NS_ROOM,0,NS_ROOM_EXIT
NS_CASTLE_UPSTAIRS,NS_CASTLE_5F,0,NS_CASTLE_DOWNSTAIRS
NS_CASTLE_VICTORY_ROAD_EXIT,VICTORY_ROAD_3F_BACK,1,VICTORY_ROAD_3F_BACK_N_CASTLE_ENT
NS_ROOM_EXIT,NS_CASTLE_4F,0,NS_ROOM_ENT
NS_CASTLE_DOWNSTAIRS,NS_CASTLE_4F,1,NS_CASTLE_UPSTAIRS
NS_CASTLE_THRONE_ROOM_ENT,NS_CASTLE_THRONE_ROOM,0,NS_CASTLE_THRONE_ROOM_EXIT
NS_CASTLE_THRONE_ROOM_EXIT,NS_CASTLE_5F,1,NS_CASTLE_THRONE_ROOM_ENT
VICTORY_ROAD_4F_ENT_REMAINS,VICTORY_ROAD_4F,0,VICTORY_ROAD_4F_EXIT_REMAINS
VICTORY_ROAD_4F_EXIT_REMAINS,VICTORY_ROAD_REMAINS,0,VICTORY_ROAD_4F_ENT_REMAINS
VICTORY_ROAD_4F_EXIT,VICTORY_ROAD_OUTSIDE_UPPER,5,VICTORY_ROAD_4F_ENT
VICTORY_ROAD_R23_ENT,VICTORY_ROAD_ENTRANCE,2,VICTORY_ROAD_R23_EXIT
GIANT_CHASM_ENT_R23,GIANT_CHASM_CAVE,4,GIANT_CHASM_EXIT_R23
ROUTE_23_HOUSE_S_ENT,ROUTE_23_HOUSE_S,0,ROUTE_23_HOUSE_S_EXIT
ROUTE_23_HOUSE_N_ENT,ROUTE_23_HOUSE_N,0,ROUTE_23_HOUSE_N_EXIT
ROUTE_23_HOUSE_S_EXIT,ROUTE_23,2,ROUTE_23_HOUSE_S_ENT
ROUTE_23_HOUSE_N_EXIT,ROUTE_23,3,ROUTE_23_HOUSE_N_ENT
GIANT_CHASM_CAVE_EXIT_S,GIANT_CHASM_ENTRANCE,0,GIANT_CHASM_CAVE_ENT
GIANT_CHASM_EXIT_R22,ROUTE_22,0,GIANT_CHASM_ENT_R22
GIANT_CHASM_ENT_R22,GIANT_CHASM_CAVE,3,GIANT_CHASM_EXIT_R22
GIANT_CHASM_EXIT_R23,ROUTE_23,1,GIANT_CHASM_ENT_R23
GIANT_CHASM_KYUREM_ROOM_ENT,GIANT_CHASM_KYUREM_ROOM,0,GIANT_CHASM_KYUREM_ROOM_EXIT
GIANT_CHASM_KYUREM_ROOM_EXIT,GIANT_CHASM_CAVE_DEPTHS,2,GIANT_CHASM_KYUREM_ROOM_ENT
ABYSSAL_RUINS_ENT_N,ABYSSAL_RUINS_MAIN_CHAMBER,0,ABYSSAL_RUINS_EXIT_N
ABYSSAL_RUINS_ENT_E,ABYSSAL_RUINS_MAIN_CHAMBER,2,ABYSSAL_RUINS_EXIT_E
ABYSSAL_RUINS_ENT_W,ABYSSAL_RUINS_MAIN_CHAMBER,3,ABYSSAL_RUINS_EXIT_W
ABYSSAL_RUINS_ENT_S,ABYSSAL_RUINS_MAIN_CHAMBER,1,ABYSSAL_RUINS_EXIT_S
ABYSSAL_RUINS_EXIT_N,ABYSSAL_RUINS_N_DIVE,0,ABYSSAL_RUINS_ENT_N
ABYSSAL_RUINS_EXIT_S,ABYSSAL_RUINS_S_DIVE,0,ABYSSAL_RUINS_ENT_S
ABYSSAL_RUINS_EXIT_E,ABYSSAL_RUINS_E_DIVE,0,ABYSSAL_RUINS_ENT_E
ABYSSAL_RUINS_EXIT_W,ABYSSAL_RUINS_W_DIVE,0,ABYSSAL_RUINS_ENT_W
FLOCCESY_RANCH_ENT,MAP_445_UNK,0,FLOCCESY_RANCH_EXIT
FLOCCESY_RANCH_EXIT,MAP_444_UNK,0,FLOCCESY_RANCH_ENT
VIRBANK_COMPLEX_ENT,MAP_457_UNK,0,VIRBANK_COMPLEX_EXIT
VIRBANK_COMPLEX_EXIT,MAP_456_UNK,0,VIRBANK_COMPLEX_ENT
REVERSAL_MOUNTAIN_ENT_W_BLACK,REVERSAL_MOUNTAIN_1F_W_BLACK,1,REVERSAL_MOUNTAIN_EXIT_W_BLACK
REVERSAL_MOUNTAIN_ENT_W_WHITE,REVERSAL_MOUNTAIN_1F_W_WHITE,1,REVERSAL_MOUNTAIN_EXIT_W_WHITE
REVERSAL_MOUNTAIN_ENT_S_BLACK,REVERSAL_MOUNTAIN_1F_S_BLACK,2,REVERSAL_MOUNTAIN_EXIT_S_BLACK
REVERSAL_MOUNTAIN_ENT_S_WHITE,REVERSAL_MOUNTAIN_1F_S_WHITE,2,REVERSAL_MOUNTAIN_EXIT_S_WHITE
REVERSAL_MOUNTAIN_ENT_E_BLACK,REVERSAL_MOUNTAIN_1F_S_BLACK,1,REVERSAL_MOUNTAIN_EXIT_SE_BLACK
REVERSAL_MOUNTAIN_ENT_E_WHITE,REVERSAL_MOUNTAIN_1F_S_WHITE,1,REVERSAL_MOUNTAIN_EXIT_SE_WHITE
REVERSAL_MOUNTAIN_MAIN_CHAMBER_ENT_W_BLACK,REVERSAL_MOUNTAIN_MAIN_CHAMBER_BLACK,0,REVERSAL_MOUNTAIN_MAIN_CHAMBER_EXIT_W_BLACK
REVERSAL_MOUNTAIN_EXIT_W_BLACK,REVERSAL_MOUNTAIN_EXTERIOR,0,REVERSAL_MOUNTAIN_ENT_W_BLACK
REVERSAL_MOUNTAIN_B1F_E_UPSTAIRS_BLACK,REVERSAL_MOUNTAIN_MAIN_CHAMBER_BLACK,2,REVERSAL_MOUNTAIN_B1F_E_DOWNSTAIRS_BLACK
REVERSAL_MOUNTAIN_MAIN_CHAMBER_EXIT_W_BLACK,REVERSAL_MOUNTAIN_1F_W_BLACK,0,REVERSAL_MOUNTAIN_MAIN_CHAMBER_ENT_W_BLACK
REVERSAL_MOUNTAIN_MAIN_CHAMBER_EXIT_S_BLACK,REVERSAL_MOUNTAIN_1F_S_BLACK,0,REVERSAL_MOUNTAIN_MAIN_CHAMBER_ENT_S_BLACK
REVERSAL_MOUNTAIN_B1F_E_DOWNSTAIRS_BLACK,REVERSAL_MOUNTAIN_B1F_E_BLACK,0,REVERSAL_MOUNTAIN_B1F_E_UPSTAIRS_BLACK
REVERSAL_MOUNTAIN_B1F_W_DOWNSTAIRS_BLACK,REVERSAL_MOUNTAIN_B1F_W_BLACK,0,REVERSAL_MOUNTAIN_B1F_W_UPSTAIRS_BLACK
REVERSAL_MOUNTAIN_MAIN_CHAMBER_EXIT_E_BLACK,REVERSAL_MOUNTAIN_1F_E_BLACK,0,REVERSAL_MOUNTAIN_MAIN_CHAMBER_ENT_E_BLACK
REVERSAL_MOUNTAIN_B1F_W_UPSTAIRS_BLACK,REVERSAL_MOUNTAIN_MAIN_CHAMBER_BLACK,3,REVERSAL_MOUNTAIN_B1F_W_DOWNSTAIRS_BLACK
REVERSAL_MOUNTAIN_MAIN_CHAMBER_ENT_S_BLACK,REVERSAL_MOUNTAIN_MAIN_CHAMBER_BLACK,1,REVERSAL_MOUNTAIN_MAIN_CHAMBER_EXIT_S_BLACK
REVERSAL_MOUNTAIN_EXIT_SE_BLACK,REVERSAL_MOUNTAIN_EXTERIOR,4,REVERSAL_MOUNTAIN_ENT_E_BLACK
REVERSAL_MOUNTAIN_EXIT_S_BLACK,REVERSAL_MOUNTAIN_EXTERIOR,2,REVERSAL_MOUNTAIN_ENT_S_BLACK
REVERSAL_MOUNTAIN_MAIN_CHAMBER_ENT_E_BLACK,REVERSAL_MOUNTAIN_MAIN_CHAMBER_BLACK,4,REVERSAL_MOUNTAIN_MAIN_CHAMBER_EXIT_E_BLACK
REVERSAL_MOUNTAIN_UNDELLA_EXIT_BLACK,UNDELLA_TOWN,5,REVERSAL_MOUNTAIN_UNDELLA_ENT_BLACK
REVERSAL_MOUNTAIN_MAIN_CHAMBER_ENT_W_WHITE,REVERSAL_MOUNTAIN_MAIN_CHAMBER_WHITE,0,REVERSAL_MOUNTAIN_MAIN_CHAMBER_EXIT_W_WHITE
REVERSAL_MOUNTAIN_EXIT_W_WHITE,REVERSAL_MOUNTAIN_EXTERIOR,1,REVERSAL_MOUNTAIN_ENT_W_WHITE
REVERSAL_MOUNTAIN_B1F_W_UPSTAIRS_WHITE,REVERSAL_MOUNTAIN_MAIN_CHAMBER_WHITE,3,REVERSAL_MOUNTAIN_B1F_W_DOWNSTAIRS_WHITE
REVERSAL_MOUNTAIN_MAIN_CHAMBER_EXIT_W_WHITE,REVERSAL_MOUNTAIN_1F_W_WHITE,0,REVERSAL_MOUNTAIN_MAIN_CHAMBER_ENT_W_WHITE
REVERSAL_MOUNTAIN_MAIN_CHAMBER_EXIT_S_WHITE,REVERSAL_MOUNTAIN_1F_S_WHITE,0,REVERSAL_MOUNTAIN_MAIN_CHAMBER_ENT_S_WHITE
REVERSAL_MOUNTAIN_B1F_E_DOWNSTAIRS_WHITE,REVERSAL_MOUNTAIN_B1F_W_WHITE,0,REVERSAL_MOUNTAIN_B1F_E_UPSTAIRS_WHITE
REVERSAL_MOUNTAIN_B1F_W_DOWNSTAIRS_WHITE,REVERSAL_MOUNTAIN_B1F_E_WHITE,0,REVERSAL_MOUNTAIN_B1F_W_UPSTAIRS_WHITE
REVERSAL_MOUNTAIN_MAIN_CHAMBER_EXIT_E_WHITE,REVERSAL_MOUNTAIN_1F_E_WHITE,0,REVERSAL_MOUNTAIN_MAIN_CHAMBER_ENT_E_WHITE
REVERSAL_MOUNTAIN_B1F_E_UPSTAIRS_WHITE,REVERSAL_MOUNTAIN_MAIN_CHAMBER_WHITE,2,REVERSAL_MOUNTAIN_B1F_E_DOWNSTAIRS_WHITE
REVERSAL_MOUNTAIN_MAIN_CHAMBER_ENT_S_WHITE,REVERSAL_MOUNTAIN_MAIN_CHAMBER_WHITE,1,REVERSAL_MOUNTAIN_MAIN_CHAMBER_EXIT_S_WHITE
REVERSAL_MOUNTAIN_EXIT_SE_WHITE,REVERSAL_MOUNTAIN_EXTERIOR,5,REVERSAL_MOUNTAIN_ENT_E_WHITE
REVERSAL_MOUNTAIN_EXIT_S_WHITE,REVERSAL_MOUNTAIN_EXTERIOR,3,REVERSAL_MOUNTAIN_ENT_S_WHITE
REVERSAL_MOUNTAIN_MAIN_CHAMBER_ENT_E_WHITE,REVERSAL_MOUNTAIN_MAIN_CHAMBER_WHITE,4,REVERSAL_MOUNTAIN_MAIN_CHAMBER_EXIT_E_WHITE
REVERSAL_MOUNTAIN_UNDELLA_EXIT_WHITE,UNDELLA_TOWN,6,REVERSAL_MOUNTAIN_UNDELLA_ENT_WHITE
REVERSAL_MOUNTAIN_UNDELLA_ENT_BLACK,REVERSAL_MOUNTAIN_1F_E_BLACK,1,REVERSAL_MOUNTAIN_UNDELLA_EXIT_BLACK
REVERSAL_MOUNTAIN_UNDELLA_ENT_WHITE,REVERSAL_MOUNTAIN_1F_E_WHITE,1,REVERSAL_MOUNTAIN_UNDELLA_EXIT_WHITE
SEASIDE_CAVE_UNDELLA_BAY_EXIT,UNDELLA_BAY,0,UNDELLA_BAY_SEASIDE_CAVE_ENT
SEASIDE_CAVE_EXIT_R21_N,ROUTE_21,0,SEASIDE_CAVE_ENT_R21_N
SEASIDE_CAVE_B1F_DOWNSTAIRS_N,SEASIDE_CAVE_B1F,1,SEASIDE_CAVE_B1F_UPSTAIRS_N
SEASIDE_CAVE_B1F_DOWNSTAIRS_S,SEASIDE_CAVE_B1F,0,SEASIDE_CAVE_B1F_UPSTAIRS_S
SEASIDE_CAVE_EXIT_R21_E,ROUTE_21,1,SEASIDE_CAVE_ENT_R21_E
SEASIDE_CAVE_B1F_UPSTAIRS_S,SEASIDE_CAVE_1F,3,SEASIDE_CAVE_B1F_DOWNSTAIRS_S
SEASIDE_CAVE_B1F_UPSTAIRS_N,SEASIDE_CAVE_1F,2,SEASIDE_CAVE_B1F_DOWNSTAIRS_N
SEASIDE_CAVE_ENT_R21_N,SEASIDE_CAVE_1F,1,SEASIDE_CAVE_EXIT_R21_N
SEASIDE_CAVE_ENT_R21_E,SEASIDE_CAVE_1F,4,SEASIDE_CAVE_EXIT_R21_E
UNDELLA_BAY_SEASIDE_CAVE_ENT,SEASIDE_CAVE_1F,0,SEASIDE_CAVE_UNDELLA_BAY_EXIT
GIANT_CHASM_CAVE_ENT,GIANT_CHASM_CAVE,0,GIANT_CHASM_CAVE_EXIT_S
CASTELIA_SEWERS_EXIT_RELIC_PASSAGE,RELIC_PASSAGE_CASTELIA,2,RELIC_PASSAGE_EXIT_CASTELIA_SEWERS
WHITE_FOREST_GATE_N_ENT,BLACK_CITY_GATE_N,0,BLACK_CITY_GATE_N_INT_FOREST
WHITE_FOREST_GATE_W_ENT,BLACK_CITY_GATE_W,1,BLACK_CITY_GATE_W_INT_FOREST
BLACK_CITY_GATE_N_INT_FOREST,BLACK_CITY,0,BLACK_CITY_GATE_N_CITY
BLACK_CITY_GATE_W_INT_FOREST,BLACK_CITY,1,BLACK_CITY_GATE_W_CITY
CLAY_TUNNEL_FIRST_TO_SECOND_ROOM,CLAY_TUNNEL_SECOND_ROOM,0,CLAY_TUNNEL_SECOND_TO_FIRST_ROOM
TWIST_MOUNTAIN_CLAY_TUNNEL_ENT,CLAY_TUNNEL_THIRD_ROOM,4,CLAY_TUNNEL_TWIST_MOUNTAIN_ENT
MISTRALTON_CAVE_CLAY_TUNNEL_ENT,CLAY_TUNNEL_SECOND_ROOM,2,CLAY_TUNNEL_MISTRALTON_CAVE_EXIT
CLAY_TUNNEL_SECOND_TO_FIRST_ROOM,CLAY_TUNNEL,1,CLAY_TUNNEL_FIRST_TO_SECOND_ROOM
CLAY_TUNNEL_SECOND_TO_THIRD_ROOM,CLAY_TUNNEL_THIRD_ROOM,0,CLAY_TUNNEL_THRID_TO_SECOND_ROOM
CLAY_TUNNEL_MISTRALTON_CAVE_EXIT,MISTRALTON_CAVE_1F,2,MISTRALTON_CAVE_CLAY_TUNNEL_ENT
CLAY_TUNNEL_THRID_TO_SECOND_ROOM,CLAY_TUNNEL_SECOND_ROOM,1,CLAY_TUNNEL_SECOND_TO_THIRD_ROOM
CLAY_TUNNEL_SIDE_ROOM_EXIT,CLAY_TUNNEL_THIRD_ROOM,2,CLAY_TUNNEL_SIDE_ROOM_ENT
CLAY_TUNNEL_SIDE_ROOM_ENT,CLAY_TUNNEL_THIRD_ROOM,1,CLAY_TUNNEL_SIDE_ROOM_EXIT
CLAY_TUNNEL_REGI_ROOM_ENT,MAP_565_UNK,0,CLAY_TUNNEL_REGI_ROOM_EXIT
CLAY_TUNNEL_TWIST_MOUNTAIN_ENT,TWIST_MOUNTAIN_ICE_ROCK_CAVE,1,TWIST_MOUNTAIN_CLAY_TUNNEL_ENT
CLAY_TUNNEL_REGI_ROOM_EXIT,CLAY_TUNNEL_THIRD_ROOM,3,CLAY_TUNNEL_REGI_ROOM_ENT
BLACK_CITY_GATE_W_INT_R15,ROUTE_15,1,BLACK_CITY_GATE_W_R15
BLACK_CITY_GATE_N_R14,BLACK_CITY_GATE_N,1,BLACK_CITY_GATE_N_INT_R14
BLACK_CITY_GATE_N_INT_R14,ROUTE_14,1,BLACK_CITY_GATE_N_R14
STRANGE_HOUSE_ENT,STRANGE_HOUSE_MAIN_ROOM,0,STRANGE_HOUSE_STATE_1_EXIT
STRANGE_HOUSE_STATE_1_EXIT,REVERSAL_MOUNTAIN_EXTERIOR,6,STRANGE_HOUSE_ENT
STRANGE_HOUSE_BASEMENT_1_ENT_W,STRANGE_HOUSE_BASEMENT_STATE_1,0,STRANGE_HOUSE_BASEMENT_1_EXIT_W
STRANGE_HOUSE_BASEMENT_1_EXIT_W,STRANGE_HOUSE_MAIN_ROOM,1,STRANGE_HOUSE_BASEMENT_1_ENT_W
STRANGE_HOUSE_BASEMENT_1_EXIT_E,STRANGE_HOUSE_MAIN_CHAMBER_STATE_2,2,STRANGE_HOUSE_BASEMENT_1_ENT_E
STRANGE_HOUSE_STATE_2_EXIT,REVERSAL_MOUNTAIN_EXTERIOR,11,STRANGE_HOUSE_STATE_2_ENT
STRANGE_HOUSE_BASEMENT_2_ENT_W,STRANGE_HOUSE_BASEMENT_STATE_2,0,STRANGE_HOUSE_BASEMENT_2_EXIT_W
STRANGE_HOUSE_BASEMENT_1_ENT_E,STRANGE_HOUSE_BASEMENT_STATE_1,1,STRANGE_HOUSE_BASEMENT_1_EXIT_E
STRANGE_HOUSE_ROOM_SW_ENT,STRANGE_HOUSE_ROOM_SW,0,STRANGE_HOUSE_ROOM_SW_EXIT
STRANGE_HOUSE_ROOM_SE_ENT,STRANGE_HOUSE_ROOM_SE,0,STRANGE_HOUSE_ROOM_SE_EXIT
STRANGE_HOUSE_STATE_2_ENT,STRANGE_HOUSE_MAIN_CHAMBER_STATE_2,0,STRANGE_HOUSE_STATE_2_EXIT
STRANGE_HOUSE_BASEMENT_2_EXIT_W,STRANGE_HOUSE_MAIN_CHAMBER_STATE_2,1,STRANGE_HOUSE_BASEMENT_2_ENT_W
STRANGE_HOUSE_BASEMENT_2_EXIT_E,STRANGE_HOUSE_MAIN_CHAMBER_STATE_3,0,STRANGE_HOUSE_BASEMENT_2_ENT_E
STRANGE_HOUSE_LUNAR_WING_ROOM_EXIT,STRANGE_HOUSE_MAIN_CHAMBER_STATE_3,2,STRANGE_HOUSE_LUNAR_WING_ROOM_ENT
STRANGE_HOUSE_BASEMENT_2_ENT_E,STRANGE_HOUSE_BASEMENT_STATE_2,1,STRANGE_HOUSE_BASEMENT_2_EXIT_E
STRANGE_HOUSE_MAIN_CHAMBER_STATE_3_EXIT,REVERSAL_MOUNTAIN_EXTERIOR,10,STRANGE_HOUSE_MAIN_CHAMBER_STATE_3_ENT
STRANGE_HOUSE_LUNAR_WING_ROOM_ENT,STRANGE_HOUSE_LUNAR_WING_ROOM,0,STRANGE_HOUSE_LUNAR_WING_ROOM_EXIT
STRANGE_HOUSE_ROOM_NW_ENT,STRANGE_HOUSE_ROOM_NW,0,STRANGE_HOUSE_ROOM_NW_EXIT
STRANGE_HOUSE_ROOM_NE_ENT,STRANGE_HOUSE_ROOM_NE,0,STRANGE_HOUSE_ROOM_NE_EXIT
STRANGE_HOUSE_MAIN_CHAMBER_STATE_3_ENT,STRANGE_HOUSE_MAIN_CHAMBER_STATE_3,1,STRANGE_HOUSE_MAIN_CHAMBER_STATE_3_EXIT
STRANGE_HOUSE_ROOM_SW_EXIT,STRANGE_HOUSE_MAIN_CHAMBER_STATE_2,3,STRANGE_HOUSE_ROOM_SW_ENT
STRANGE_HOUSE_ROOM_SE_EXIT,STRANGE_HOUSE_MAIN_CHAMBER_STATE_2,4,STRANGE_HOUSE_ROOM_SE_ENT
STRANGE_HOUSE_ROOM_NW_EXIT,STRANGE_HOUSE_MAIN_CHAMBER_STATE_3,3,STRANGE_HOUSE_ROOM_NW_ENT
STRANGE_HOUSE_ROOM_NE_EXIT,STRANGE_HOUSE_MAIN_CHAMBER_STATE_3,4,STRANGE_HOUSE_ROOM_NE_ENT
ROUTE_4_CONSTRUCTION_HOUSE_ENT,ROUTE_4_CONSTRUCTION_HOUSE,0,ROUTE_4_CONSTRUCTION_HOUSE_EXIT
ROUTE_4_APARTMENT_S_ENT,ROUTE_4_APARTMENT_S,1,ROUTE_4_APARTMENT_S_EXIT
ROUTE_4_APARTMENT_E_ENT,ROUTE_4_APARTMENT_E,1,ROUTE_4_APARTMENT_E_EXIT
ROUTE_4_APARTMENT_N_ENT,ROUTE_4_APARTMENT_N,1,ROUTE_4_APARTMENT_N_EXIT
ROUTE_4_APARTMENT_W_ENT,ROUTE_4_APARTMENT_W,1,ROUTE_4_APARTMENT_W_EXIT
ROUTE_4_APT_S_UPSTAIRS,MAP_519_UNK,0,ROUTE_4_APT_S_DOWNSTAIRS
ROUTE_4_APARTMENT_S_EXIT,ROUTE_4_BLACK,1,ROUTE_4_APARTMENT_S_ENT
ROUTE_4_APT_S_DOWNSTAIRS,ROUTE_4_APARTMENT_S,0,ROUTE_4_APT_S_UPSTAIRS
ROUTE_4_CONSTRUCTION_HOUSE_EXIT,ROUTE_4_BLACK,0,ROUTE_4_CONSTRUCTION_HOUSE_ENT
ROUTE_4_APARTMENT_E_UPSTAIRS,MAP_521_UNK,0,ROUTE_4_APARTMENT_E_DOWNSTAIRS
ROUTE_4_APARTMENT_E_EXIT,ROUTE_4_BLACK,2,ROUTE_4_APARTMENT_E_ENT
ROUTE_4_APARTMENT_E_DOWNSTAIRS,ROUTE_4_APARTMENT_E,0,ROUTE_4_APARTMENT_E_UPSTAIRS
ROUTE_4_APARTMENT_W_UPSTAIRS,MAP_523_UNK,0,ROUTE_4_APARTMENT_W_DOWNSTAIRS
ROUTE_4_APARTMENT_W_EXIT,ROUTE_4_BLACK,4,ROUTE_4_APARTMENT_W_ENT
ROUTE_4_APARTMENT_W_DOWNSTAIRS,ROUTE_4_APARTMENT_W,0,ROUTE_4_APARTMENT_W_UPSTAIRS
ROUTE_4_APARTMENT_N_UPSTAIRS,MAP_525_UNK,0,ROUTE_4_APARTMENT_N_DOWNSTAIRS
ROUTE_4_APARTMENT_N_EXIT,ROUTE_4_BLACK,3,ROUTE_4_APARTMENT_N_ENT
ROUTE_4_APARTMENT_N_DOWNSTAIRS,ROUTE_4_APARTMENT_N,0,ROUTE_4_APARTMENT_N_UPSTAIRS
CASTELIA_GATE_N_ENT_BLACK,CASTELIA_GATE_N,1,CASTELIA_GATE_N_INT_R4_BLACK
JOIN_AVENUE_R4_ENT_BLACK,JOIN_AVENUE,0,JOIN_AVENUE_EXIT_R4_BLACK
CASTELIA_GATE_N_INT_R4_BLACK,ROUTE_4_BLACK,5,CASTELIA_GATE_N_ENT_BLACK
JOIN_AVENUE_EXIT_R4_BLACK,ROUTE_4_BLACK,6,JOIN_AVENUE_R4_ENT_BLACK
CRATER_FOREST_DAMAGED_ENT_S,CRATER_FOREST_DAMAGED,0,CRATER_FOREST_DAMAGED_EXIT_S
CRATER_FOREST_FROZEN_ENT_S,CRATER_FOREST_FROZEN,0,CRATER_FOREST_FROZEN_EXIT_S
CRATER_FOREST_DAMAGED_EXIT_S,GIANT_CHASM_CAVE,1,CRATER_FOREST_DAMAGED_ENT_S
CRATER_FOREST_FROZEN_EXIT_S,GIANT_CHASM_CAVE,2,CRATER_FOREST_FROZEN_ENT_S
STOP,,,
PLASMA_FRIGATE_P2_ENT,PLASMA_FRIGATE_DECK,7,
PLASMA_FRIGATE_ENT_R21,PLASMA_FRIGATE_DECK,6,
BLACK_CITY_GATE_W_INT_CITY,BLACK_CITY,1,
PLASMA_FRIGATE_DECK_ENT_PWT,PLASMA_FRIGATE_DECK,4,
,GIANT_CHASM_CAVE_DEPTHS,1,
,CRATER_FOREST_DAMAGED,1,
,CRATER_FOREST_FROZEN,1,
,GIANT_CHASM_CAVE_DEPTHS,1,
,MAP_562_UNK,2,
,PLASMA_FRIGATE_GHETSIS_ROOM,0,
,,,
POKEMON_LEAGUE_VICTORY_ROAD_ENT,VICTORY_ROAD_REMAINS,1,
,,,
,./temp/6_00000344.bin,,
,PLASMA_FRIGATE_SWITCH_ROOM_BLACK,0,
,PLASMA_FRIGATE_LOWER_DECK,0,
,PLASMA_FRIGATE_LOWER_DECK,1,
,MAP_563_UNK,0,
,PWT_EXTERIOR,3,
,MAP_554_UNK,1,
,ROUTE_21,2,
,P2_LAB_EXTERIOR,1,
,,,
,./temp/6_00000345.bin,,
,PLASMA_FRIGATE_DECK,0,
,MAP_556_UNK,0,
PLASMA_FRIGATE_SWITCH_ROOM_BLACK_WARP_NW,PLASMA_FRIGATE_LOWER_DECK_NW_ROOM_BLACK,1,PLASMA_FRIGATE_DORM_NW_WARP_NW
,PLASMA_FRIGATE_LOWER_DECK_SW_ROOM_BLACK,1,
,PLASMA_FRIGATE_LOWER_DECK_SE_ROOM_BLACK,2,
,PLASMA_FRIGATE_LOWER_DECK_E_ROOM_BLACK,2,
,MAP_562_UNK,0,
,,,
,./temp/6_00000346.bin,,
,MAP_562_UNK,1,
,PLASMA_FRIGATE_DECK,5,
,,,
,./temp/6_00000348.bin,,
,PLASMA_FRIGATE_SWITCH_ROOM_BLACK,1,
,MAP_563_UNK,1,
,,,
,./temp/6_00000349.bin,,
,CRATER_FOREST_FROZEN,3,
,,,
,./temp/6_00000350.bin,,
,PLASMA_FRIGATE_DECK,1,
,PLASMA_FRIGATE_DECK,2,
PLASMA_FRIGATE_DORM_NW_ENT_BLACK,PLASMA_FRIGATE_LOWER_DECK_NW_ROOM_BLACK,0,PLASMA_FRIGATE_DORM_NW_EXIT_BLACK
PLASMA_FRIGATE_DORM_W_ENT_BLACK,PLASMA_FRIGATE_LOWER_DECK_W_ROOM_BLACK,0,PLASMA_FRIGATE_DORM_W_EXIT_BLACK
PLASMA_FRIGATE_DORM_SW_ENT_BLACK,PLASMA_FRIGATE_LOWER_DECK_SW_ROOM_BLACK,0,
PLASMA_FRIGATE_DORM_NE_ENT_BLACK,PLASMA_FRIGATE_LOWER_DECK_NE_ROOM_BLACK,0,PLASMA_FRIGATE_DORM_NE_EXIT_BLACK
PLASMA_FRIGATE_DORM_E_ENT_BLACK,PLASMA_FRIGATE_LOWER_DECK_E_ROOM_BLACK,0,
PLASMA_FRIGATE_DORM_SE_ENT_BLACK,PLASMA_FRIGATE_LOWER_DECK_SE_ROOM_BLACK,0,
PLASMA_FRIGATE_DORM_NW_ENT_WHITE,PLASMA_FRIGATE_LOWER_DECK_NW_ROOM_WHITE,0,
PLASMA_FRIGATE_KITCHEN_W_ENT_WHITE,PLASMA_FRIGATE_KITCHEN_WHITE,0,PLASMA_FRIGATE_KITCHEN_N_EXIT_WHITE
PLASMA_FRIGATE_KITCHEN_SW_ENT_WHITE,PLASMA_FRIGATE_KITCHEN_WHITE,1,PLASMA_FRIGATE_KITCHEN_S_EXIT_WHITE
PLASMA_FRIGATE_DORM_SE_ENT_WHITE,PLASMA_FRIGATE_LOWER_DECK_NE_ROOM_WHITE,0,PLASMA_FRIGATE_DORM_SE_EXIT_WHITE
PLASMA_FRIGATE_DORM_E_ENT_WHITE,PLASMA_FRIGATE_LOWER_DECK_E_ROOM_WHITE,0,PLASMA_FRIGATE_DORM_E_EXIT_WHITE
PLASMA_FRIGATE_DORM_SE_ENT_WHITE,PLASMA_FRIGATE_LOWER_DECK_SE_ROOM_WHITE,0,PLASMA_FRIGATE_DORM_SE_EXIT_WHITE
,,,
,./temp/6_00000351.bin,,
PLASMA_FRIGATE_DORM_NW_EXIT_BLACK,PLASMA_FRIGATE_LOWER_DECK,2,PLASMA_FRIGATE_DORM_NW_ENT_BLACK
PLASMA_FRIGATE_DORM_NW_WARP_NW,PLASMA_FRIGATE_SWITCH_ROOM_BLACK,2,PLASMA_FRIGATE_SWITCH_ROOM_BLACK_WARP_NW
PLASMA_FRIGATE_DORM_NW_WARP_SE,PLASMA_FRIGATE_LOWER_DECK_NE_ROOM_BLACK,2,PLASMA_FRIGATE_DORM_NE_WARP_NE
,,,
,./temp/6_00000352.bin,,
PLASMA_FRIGATE_DORM_W_EXIT_BLACK,PLASMA_FRIGATE_LOWER_DECK,3,PLASMA_FRIGATE_DORM_W_ENT_BLACK
,PLASMA_FRIGATE_LOWER_DECK_SW_ROOM_BLACK,2,
PLASMA_FRIGATE_DORM_W_WARP_SE,PLASMA_FRIGATE_LOWER_DECK_SE_ROOM_BLACK,3,
,PLASMA_FRIGATE_LOWER_DECK_E_ROOM_BLACK,3,
,PLASMA_FRIGATE_LOWER_DECK_E_ROOM_BLACK,1,
,,,
,./temp/6_00000354.bin,,
,PLASMA_FRIGATE_SWITCH_ROOM_BLACK,6,
,MAP_554_UNK,0,
,CRATER_FOREST_FROZEN,2,
,MAP_563_UNK,2,
,,,
,./temp/6_00000355.bin,,
,PLASMA_FRIGATE_DECK,3,
,MAP_556_UNK,1,
,MAP_562_UNK,3,
,,,
,./temp/6_00000357.bin,,
,PLASMA_FRIGATE_LOWER_DECK,4,
,PLASMA_FRIGATE_SWITCH_ROOM_BLACK,3,
,PLASMA_FRIGATE_LOWER_DECK_W_ROOM_BLACK,1,
,PLASMA_FRIGATE_LOWER_DECK_SE_ROOM_BLACK,1,
,,,
,./temp/6_00000358.bin,,
PLASMA_FRIGATE_DORM_NE_EXIT_BLACK,PLASMA_FRIGATE_LOWER_DECK,5,PLASMA_FRIGATE_DORM_NE_ENT_BLACK
PLASMA_FRIGATE_DORM_NE_WARP_SW,PLASMA_FRIGATE_LOWER_DECK_E_ROOM_BLACK,4,
PLASMA_FRIGATE_DORM_NE_WARP_NE,PLASMA_FRIGATE_LOWER_DECK_NW_ROOM_BLACK,2,PLASMA_FRIGATE_DORM_NW_WARP_SE
,,,
,./temp/6_00000359.bin,,
,PLASMA_FRIGATE_LOWER_DECK,6,
,PLASMA_FRIGATE_LOWER_DECK_W_ROOM_BLACK,4,
,PLASMA_FRIGATE_SWITCH_ROOM_BLACK,5,
,PLASMA_FRIGATE_LOWER_DECK_W_ROOM_BLACK,3,
,PLASMA_FRIGATE_LOWER_DECK_NE_ROOM_BLACK,1,
,,,
,./temp/6_00000360.bin,,
,PLASMA_FRIGATE_LOWER_DECK,7,
,PLASMA_FRIGATE_LOWER_DECK_SW_ROOM_BLACK,3,
,PLASMA_FRIGATE_SWITCH_ROOM_BLACK,4,
,PLASMA_FRIGATE_LOWER_DECK_W_ROOM_BLACK,2,
,,,
,./temp/6_00000361.bin,,
PLASMA_FRIGATE_DORM_NW_EXIT_WHITE,PLASMA_FRIGATE_LOWER_DECK,8,PLASMA_FRIGATE_DORM_NW_ENT_WHITE
,,,
,./temp/6_00000362.bin,,
PLASMA_FRIGATE_DORM_SE_EXIT_WHITE,PLASMA_FRIGATE_LOWER_DECK,11,PLASMA_FRIGATE_DORM_SE_ENT_WHITE
,,,
,./temp/6_00000363.bin,,
PLASMA_FRIGATE_DORM_E_EXIT_WHITE,PLASMA_FRIGATE_LOWER_DECK,12,PLASMA_FRIGATE_DORM_E_ENT_WHITE
,,,
,./temp/6_00000364.bin,,
PLASMA_FRIGATE_DORM_SE_EXIT_WHITE,PLASMA_FRIGATE_LOWER_DECK,13,PLASMA_FRIGATE_DORM_SE_ENT_WHITE
,,,
,./temp/6_00000365.bin,,
PLASMA_FRIGATE_KITCHEN_N_EXIT_WHITE,PLASMA_FRIGATE_LOWER_DECK,9,PLASMA_FRIGATE_KITCHEN_W_ENT_WHITE
PLASMA_FRIGATE_KITCHEN_S_EXIT_WHITE,PLASMA_FRIGATE_LOWER_DECK,10,PLASMA_FRIGATE_KITCHEN_SW_ENT_WHITE
,,,
,./temp/6_00000445.bin,,
,MAP_304_UNK,0,
,MAP_314_UNK,0,
,,,
,./temp/6_00000446.bin,,
,MAP_301_UNK,1,
,,,
,./temp/6_00000447.bin,,
,MAP_297_UNK,0,
,,,
,./temp/6_00000448.bin,,
,MAP_298_UNK,0,
,,,
,./temp/6_00000449.bin,,
,MAP_308_UNK,1,
,MAP_309_UNK,0,
,,,
,./temp/6_00000450.bin,,
,MAP_313_UNK,1,
,MAP_312_UNK,0,
,,,
,./temp/6_00000451.bin,,
,MAP_313_UNK,1,
,MAP_312_UNK,0,
,,,
,./temp/6_00000453.bin,,
,MAP_291_UNK,0,
,,,
,./temp/6_00000454.bin,,
,MAP_292_UNK,0,
,,,
,./temp/6_00000457.bin,,
,MAP_304_UNK,1,
,MAP_290_UNK,0,
,,,
,./temp/6_00000458.bin,,
,MAP_307_UNK,0,
,MAP_308_UNK,0,
,,,
,./temp/6_00000459.bin,,
,MAP_314_UNK,1,
,MAP_313_UNK,0,
,,,
,./temp/6_00000460.bin,,
,MAP_289_UNK,0,
,MAP_301_UNK,0,
,,,
,./temp/6_00000463.bin,,
,MAP_302_UNK,0,
,,,
,./temp/6_00000464.bin,,
,MAP_302_UNK,1,
,MAP_293_UNK,0,
,,,
,./temp/6_00000465.bin,,
,MAP_293_UNK,1,
,MAP_310_UNK,0,
,,,
,./temp/6_00000466.bin,,
,MAP_309_UNK,1,
,,,
,./temp/6_00000467.bin,,
,MAP_316_UNK,0,
,,,
,./temp/6_00000468.bin,,
,MAP_294_UNK,1,
,,,
,./temp/6_00000469.bin,,
,MAP_303_UNK,1,
,MAP_294_UNK,0,
,,,
,./temp/6_00000470.bin,,
,MAP_289_UNK,1,
,MAP_303_UNK,0,
,,,
,./temp/6_00000472.bin,,
,MAP_311_UNK,0,
